split,id,mode,severity,gt_m,gt_rot,generated,top1,first_hit,best_s_err,best_r_err,band,n_cands,secs
sev1,0,none,0.2500002945888417,9.487745287251188,0.0957161614167017,True,True,0,0.010795468617387465,0.028895636081405635,False,3,0.3676307999994606
sev1,1,none,0.2500009404829125,9.559484788815226,3.543262150707429,True,False,1,0.026103101900604306,0.18258237570953195,False,3,0.40180730000065523
sev1,2,none,0.2500005194594489,10.899305837889951,-3.0657410653745965,True,True,0,0.020068080858834613,0.058870732123510905,False,2,0.33544419999998354
sev1,3,none,0.2500006606029349,9.433418813360277,4.441705200859506,True,True,0,0.0008018505712970092,0.09418104335803346,False,2,0.666657200001282
sev1,4,none,0.2500003445846022,9.564261559623192,-3.95284836663766,True,True,0,0.008175600555876388,0.10287972336318063,False,3,0.9701365000000806
sev1,5,none,0.2500007085511003,10.787873810515084,-3.019182474368041,True,True,0,0.006139129628124448,0.09227370563364135,False,3,1.0266068999990239
sev1,6,none,0.250000073194484,11.66699948268141,3.6001800159516364,True,True,0,0.0030027833191652187,0.016587880950374778,False,2,0.6067719000002398
sev1,7,none,0.2500004947616969,8.676872501240391,0.1584343984484721,True,True,0,0.020425500660976224,0.03382260095036477,False,3,0.9992199999996956
sev1,8,none,0.2500001962812387,11.424383857651817,2.0490951454060955,True,True,0,0.007838336488353885,0.07551665209201186,False,3,0.8480034000003798
sev1,9,none,0.2500006461412543,10.689700714204331,-4.60827507868875,True,False,1,0.005400965330816908,0.13613912368917003,False,3,0.7629395999992994
sev1,10,none,0.2500004816725212,11.26422502731596,1.9425797567673009,True,True,0,0.0024996881496853595,0.5261718917685625,False,3,1.0458405999997922
sev1,11,none,0.2500009047243601,9.86461854722967,-0.1562101826302742,True,True,0,0.019706636015831627,0.024129704868674273,False,3,0.8212095999988378
sev1,12,none,0.2500009164626485,8.463758706830355,-4.572696853564576,True,False,2,0.0026358585401816065,0.04483280856415561,False,3,1.0479974999998376
sev1,13,none,0.2500007149590038,11.350148946047735,1.899342625473452,True,True,0,0.007596105034158762,0.04492928452570677,False,3,1.0579096999990725
sev1,14,none,0.2500007822560389,10.243688031132276,1.9501897646866144,True,True,0,0.0019762405206415245,0.07480156218472178,False,3,0.9035345000011148
sev1,15,none,0.2500007509743351,9.922864768903064,-3.2981844228246926,True,True,0,0.011473276838852188,0.17357262532658524,False,3,0.9811968000012712
sev1,16,none,0.2500009587302718,11.14671108235642,1.6659848534158144,True,True,0,0.0038225729358123696,0.13812080841539376,False,2,0.5500108999985969
sev1,17,none,0.2500002060039186,11.4540290155245,-4.11398280090515,True,True,0,0.0011389887245582834,0.01062899659295713,False,3,0.6724537999998574
sev1,18,none,0.2500002172071809,11.894692179479543,-0.1764121180907265,True,False,1,0.0027204406097303536,0.009227848088202928,False,3,0.6162451000000146
sev1,19,none,0.2500002727480583,11.954558751228776,-4.32403046705323,True,True,0,0.002301027472143774,0.0022074541960339644,False,3,0.5811392999985401
sev1,20,none,0.2500008050899618,10.473717076115468,2.4120693371002755,True,True,0,0.00015096083886916663,0.17600135960048569,False,2,0.7188301000005595
sev1,21,none,0.2500000106317924,10.53375705669195,1.2087390516192895,True,True,0,0.00504321320470074,0.027328925880500288,False,3,0.9845531000009942
sev1,22,none,0.2500005117796552,11.53781087330012,-1.5954906223023435,False,False,-1,0.0093680821810246,0.0676265773019229,False,3,0.9173371000015322
sev1,23,none,0.2500004685390085,10.153760089818787,0.4118725028867001,True,True,0,0.005038029050712916,0.17171963211456165,False,2,0.8240095999990444
sev1,24,none,0.2500005195113352,9.919690944411466,-0.769842744192438,True,True,0,0.0023985536237451734,0.0629729858050384,False,3,0.8476757999997062
sev1,25,none,0.2500004336409734,10.023099578340608,-0.1409520320232102,True,True,0,0.0009146427977437258,0.01634023452510286,False,3,0.9983456999998452
sev1,26,none,0.2500007497129159,11.709259708185796,4.722638260484743,True,True,0,0.00037104651949044246,0.1046042717348481,False,3,1.0357759999988048
sev1,27,none,0.2500002640659524,9.023632354113918,-2.805602357686542,True,True,0,0.0020129048562613277,0.06978584481535055,False,2,0.5892221000012796
sev1,28,none,0.2500002487587446,10.71712285507911,-2.506251748363124,True,True,0,0.00046776546170637786,0.03411579336354453,False,2,0.6390487000007852
sev1,29,none,0.2500007453807568,8.106208639597643,3.022150377284476,True,True,0,0.004102981332113484,0.07787846728531678,False,3,0.9518815000010363
sev1,30,none,0.2500009658148381,11.99076712596149,2.0263041284832104,True,True,0,0.007193753983200643,0.09830766901489696,False,3,0.8249873999993724
sev1,31,none,0.2500002046227746,10.767412609241417,4.879690114438221,True,True,0,0.0003232519145982324,0.060030001937169786,False,2,0.6490405000004102
sev1,32,none,0.2500002799840954,10.072043316425711,-2.7935473044543047,True,True,0,0.003182934069762161,0.029615281954094463,False,3,0.9637480000001233
sev1,33,none,0.2500009805448392,10.69948780533046,1.97716711092548,True,True,0,0.0033991201604724928,0.10177890842358739,False,2,0.7907936000010523
sev1,34,none,0.2500003432939369,9.014164428056883,-0.3734244320460149,True,True,0,0.017756771920978135,0.24881263454790756,False,3,1.0917076999994606
sev1,35,none,0.2500008866267827,8.068998211511742,0.1675160045253951,True,True,0,0.006824414576393253,0.04290420702728778,False,3,0.9948832999998558
sev1,36,none,0.2500002125102567,9.491692375696152,4.047350359138386,True,True,0,0.0005925601013749318,0.07726143835972099,False,3,1.0640753000006953
sev1,37,none,0.2500003173515913,9.267356500607326,-1.5457238750409386,True,True,0,0.003376207994748608,0.10675196745758919,False,3,1.1606615000000602
sev1,38,none,0.2500005962355679,10.894531915723997,-1.7500178419748291,True,True,0,0.004263706808184582,0.09754199947630138,False,3,0.9878786999997828
sev1,39,none,0.2500007398110184,8.125530185550986,0.8926393504820949,True,True,0,0.008185704767218072,0.01725114798020222,False,3,1.1141696000013326
sev1,40,none,0.2500002173806059,8.51980155942918,-0.6108726293331177,True,True,0,0.0006889288310328515,0.1530593931670925,False,3,1.1177397000010387
sev1,41,none,0.2500008761409736,8.73921471555412,3.254808954197472,True,True,0,0.005518998159322365,0.1433527741957894,False,3,1.0526456999996299
sev1,42,none,0.2500009684366998,11.435458743633646,-3.5203823197650186,True,True,0,0.006862276418097523,0.06320981523624303,False,3,0.9324792999996134
sev1,43,none,0.2500009563311384,8.672306645657105,4.198886384860245,True,False,1,0.004139300916007226,0.0371815926395449,False,3,0.9915666000015335
sev1,44,none,0.2500009326156415,8.54071909786255,-3.794216670547335,True,True,0,0.0021424304326993445,0.08117153195455762,False,2,0.7723226999987673
sev1,45,none,0.2500002701783841,10.105642800997252,1.1119675215205058,True,True,0,0.0018565629115677733,0.05521674848201785,False,2,0.5473043999991205
sev1,46,none,0.2500002517871527,11.946278220042426,-0.3480022431410843,True,True,0,0.009157427832504407,0.18081797313856074,False,2,0.7087198999997781
sev1,47,none,0.2500003135377762,11.901858412052182,-2.1873930672044195,True,True,0,0.007800581595158362,0.020208797201896278,False,3,0.8661965999999666
sev1,48,none,0.250000170696976,10.821833413015122,-0.8205129178611967,True,False,1,0.015176223678249107,0.012302812136279706,False,2,0.6931452999997418
sev1,49,none,0.2500002355907681,10.60209945448434,4.084435849887639,True,True,0,0.011011743159205382,0.040175947610467944,False,3,0.8492083000001003
sev1,50,none,0.2500007660468695,9.06669588572067,4.259579090260921,True,True,0,0.0008469338160791858,0.02351111276113116,False,3,0.4933096000004298
sev1,51,none,0.2500004669584539,8.583725561178357,-0.551924639032249,True,True,0,0.015006366656882028,0.3847403690297254,False,3,0.4508712999995623
sev1,52,none,0.2500000118615791,8.426743750385793,3.53271566251421,True,True,0,0.019320835272596093,0.050876472487051405,False,3,0.44065430000046035
sev1,53,none,0.2500001560981834,8.942168161852614,-1.0021544852969977,True,True,0,0.00013253566764893807,0.053573604703843536,False,3,0.4527945000008913
sev1,54,none,0.2500009893419466,10.428468795907198,-0.3052553890460263,True,True,0,0.002807877010119592,0.04226876845544586,False,3,0.6447889999999461
sev1,55,none,0.2500002456853842,8.082381332274899,2.48975253042154,True,True,0,0.003956111450647261,0.03811151457888018,False,3,0.7795870999998442
sev1,56,none,0.2500009015461116,8.794712635499005,0.8582395404577747,True,True,0,0.028468506789537117,0.030304279540542933,False,3,0.45026529999995546
sev1,57,none,0.2500008340205207,8.840837236632105,-4.816211746923262,True,True,0,0.012903505453134737,0.05227972442305173,False,3,0.4743806999995286
sev1,58,none,0.2500001193941969,8.684584937318998,0.8739305017413077,True,True,0,0.006058887839622798,0.07034140825785118,False,3,0.4925082999998267
sev1,59,none,0.2500003699734738,8.76281669380226,2.365353667260984,True,True,0,0.009787459178288849,0.017829509759511808,False,3,0.4074466999991273
sev1,60,none,0.2500005706577742,11.08440526251475,-1.8245549406300696,True,True,0,0.007101300994116079,0.3426293293724536,False,2,0.47379060000093887
sev1,61,none,0.2500006031153147,11.24524599302864,1.832760568761664,True,True,0,0.003193078779081116,0.22296752123917685,False,2,0.7142366000007314
sev1,62,none,0.2500007155250712,11.331388221538202,1.4049904700330351,True,True,0,0.004463512212543164,0.06714548496654427,False,3,1.4141484000010678
sev1,63,none,0.2500004093968657,10.948926610545897,-1.5331577662276352,True,True,0,0.02210777400279681,0.05043436877362639,False,3,0.794166599998789
sev1,64,none,0.2500006221657627,8.958775420831339,-3.465448272547386,True,True,0,0.00615671217079723,0.04904040754864747,False,2,0.6460561999992933
sev1,65,none,0.2500000035274671,11.430754762162724,1.6975712374877707,True,True,0,0.0033324386057900462,0.06636078501243947,False,3,0.8852600999998685
sev1,66,none,0.2500000403628422,9.876291371744497,3.8131535726159385,True,True,0,0.015941644003078122,0.04922155011572826,False,3,1.2355662999998458
sev1,67,none,0.2500009807082999,10.795475177870845,-2.1803244482200457,True,True,0,0.006793515029481983,0.013140178217522447,False,3,0.8758580000012444
sev1,68,none,0.2500005578821087,10.711735730582946,0.1076981077696679,True,True,0,0.01846607431865491,0.01691368972843943,False,3,0.7147583000005397
sev1,69,none,0.250000332974417,11.006952498754757,-1.9160773160340527,True,True,0,0.0006341013778557807,0.027533496035735183,False,3,0.8040067999991152
sev1,70,none,0.2500007806286872,8.277710740901377,1.9759719365077852,True,True,0,0.007148147637199142,0.03170002650862647,False,3,0.7530911000012566
sev1,71,none,0.2500009371779035,11.888133509442266,-1.149706037603324,True,True,0,0.0005187944926141935,0.09397794760248268,False,3,0.9141842000008182
sev1,72,none,0.2500003809512893,11.010296400803355,2.97477279146975,True,True,0,0.0003302019822635902,0.030500881470590713,False,3,0.8512918999986141
sev1,73,none,0.2500002248966971,9.359692771381985,-3.3741604610451703,True,True,0,0.0005973278470631281,0.026636303543698503,False,3,0.700642699999662
sev1,74,none,0.2500005853075913,8.484313517096838,0.6661821622347421,True,True,0,0.006775156326785706,0.1666335677627343,False,2,0.4871984000001248
sev1,75,none,0.250000271151412,9.589632864208188,-2.1600904118830098,True,True,0,0.0002869583092267944,0.2563174531157286,False,3,0.6512015999996947
sev1,76,none,0.2500006901522783,10.242917542517958,4.014979712814958,False,False,-1,0.03659929431355234,0.15220455718756565,False,3,0.742244799999753
sev1,77,none,0.25000088498795,10.770378165409308,0.6769913425099094,True,True,0,0.003185606613118842,0.024515500011381586,False,3,0.9895001000004413
sev1,78,none,0.2500007074586987,11.991939986429076,1.2641231050819457,True,True,0,0.007290854468963822,0.09693883507942203,False,3,1.0038127999996505
sev1,79,none,0.2500005916954509,10.907878951094954,-4.883794967141563,True,True,0,0.004930104659794828,0.06047694285759597,False,1,0.4708491999990656
sev1,80,none,0.2500002184157253,8.439845057217406,2.8774161098040967,True,True,0,0.01577090085841417,0.2249402673055685,False,2,0.6860872000015661
sev1,81,none,0.2500007693593634,11.871401052951754,3.410566525159174,False,False,-1,0.006586620716601568,0.17302560984208748,False,3,0.9776860000001761
sev1,82,none,0.2500003338658737,9.52390307499552,-1.1577153189031897,True,True,0,0.003972646214246337,0.10198722890234846,False,2,0.6579197000010026
sev1,83,none,0.2500000562572291,8.851791718702337,-1.3698962533808512,True,True,0,0.01007607157478301,0.1022397016187282,False,2,0.41652500000054715
sev1,84,none,0.2500006489444315,9.588337892422343,-3.1443905646393766,True,True,0,0.0016440882668308757,0.14740550286125398,False,3,0.38568970000051195
sev1,85,none,0.2500009979267187,8.576262359337825,-4.481671986022462,True,True,0,0.00811958304151819,0.06526412102372436,False,2,0.292708599999969
sev1,86,none,0.2500007960194271,11.248357947907682,-2.500508761939905,True,True,0,0.011878006013071095,0.08308337306135671,False,3,0.38289219999933266
sev1,87,none,0.2500007396160701,8.420266811830675,3.6536018138000728,True,True,0,0.0008488865454953527,0.07000967879881115,False,2,0.26872349999939615
sev1,88,none,0.2500002938183592,9.917677821983885,-2.62030504608974,True,True,0,0.010956277221274189,0.03671291108847807,False,3,0.35854059999837773
sev1,89,none,0.2500005445705319,10.649484231403047,-2.437155390553054,True,True,0,0.008130322954178924,0.03390314305074105,False,2,0.2912753000000521
sev1,90,none,0.2500004675926859,11.835156882893257,-3.79568666564852,True,True,0,0.00954959271026137,0.07970153685337245,False,3,0.4122643999999127
sev1,91,none,0.2500005751339495,9.88476969084833,-3.840843659426553,True,True,0,0.0028679747392140065,0.008027929429076153,False,3,0.3711096000006364
sev1,92,none,0.2500005184168434,10.732259388459338,-2.3241576753291926,True,True,0,0.00644229936420057,0.08808969782940279,False,1,0.18466689999877417
sev1,93,none,0.2500008658697889,10.646723771358504,-1.3661331367794185,True,True,0,0.0013861315861410514,0.28634270571910925,False,2,0.2696238999997149
sev1,94,none,0.2500003997623021,8.504821691287788,-2.1417607287319527,True,True,0,0.003843200654246616,0.01714893123384531,False,2,0.27341399999932037
sev1,95,none,0.2500007182411023,10.553810243546042,4.220972885589152,True,True,0,0.0011383733237726901,0.015095091910637848,False,3,0.35004359999948065
sev1,96,none,0.2500003615642175,8.316847605939358,3.053645455583009,True,True,0,0.01680884746699977,0.10937354558384982,False,3,0.3142236000003322
sev1,97,none,0.2500002561961171,10.591305814855358,3.8845230569442606,True,True,0,0.009411227709985277,0.1205910344440504,False,1,0.17965729999923497
sev1,98,none,0.250000010160609,9.77302273545734,-3.5442755736450127,False,False,-1,0.01718611270168636,0.03931656135624895,False,3,0.4787951999987854
sev1,99,none,0.2500006159197652,10.060246956727214,-0.3888159241330076,True,True,0,0.015765029882512473,0.04129176663153544,False,2,0.25671439999860013
sev1,100,none,0.2500003038001193,11.598399394714242,-1.8355137615347648,True,True,0,0.005797907370767252,0.03987444096712789,False,3,0.8529157000011764
sev1,101,none,0.2500009571571213,11.261416943466251,-2.4350132987201767,True,True,0,0.002697628920666575,0.08748914121870488,False,3,0.43465269999978773
sev1,102,none,0.2500000951637802,9.48869366215445,-3.1899542962107907,True,True,0,0.0055963873676287985,0.046113681288999064,False,2,0.3117951999993238
sev1,103,none,0.2500002707195807,9.239763654430448,-1.89463903697902,False,False,-1,0.04244722825043228,0.6889530980222416,False,2,0.26385560000016994
sev1,104,none,0.2500001612779853,9.046219796377278,2.790130965871405,True,False,1,0.011633233894490185,0.026198943371194883,False,2,0.28755529999943974
sev1,105,none,0.2500003748734506,9.35218983163016,0.0610781916561649,True,True,0,0.001636920606873772,0.005350101655323784,False,3,0.36367989999962447
sev1,106,none,0.2500005683449285,9.385908936637597,3.435371774298371,True,True,0,0.0019044450578384923,0.19930379679858135,False,3,0.37642009999945003
sev1,107,none,0.2500006622934216,11.592648650952114,0.637853848458426,True,True,0,0.0048770810601305925,0.014621994040101893,False,3,1.0623880000002828
sev1,108,none,0.2500001531650559,11.188598570345077,3.609106088677139,True,True,0,0.003816432980975448,0.0255139536758775,False,2,0.6524009999993723
sev1,109,none,0.250000266897524,9.532567181598278,-1.6576791920802705,True,True,0,0.018424916138030645,0.6019511020794293,False,2,0.6796221999993577
sev1,110,none,0.2500008568576015,10.704355518231385,1.5897573920045769,True,True,0,0.0016610469203785214,0.22990272049647453,False,3,0.8710487000007561
sev1,111,none,0.2500005923511027,8.467983036074548,1.3358364862705532,True,True,0,0.02080624959017294,0.011687671230919072,False,2,0.6316237000010005
sev1,112,none,0.2500007534549753,10.8995786964837,0.1672870297182918,True,True,0,0.004172338353654661,0.24912083528044648,False,3,1.0074683000002551
sev1,113,none,0.2500005484135887,8.690057316879301,2.755849783615892,True,True,0,0.003312950961813864,0.008082238884318027,False,2,0.7159394000009343
sev1,114,none,0.2500003465285246,9.736276194256636,3.007179778848485,True,True,0,0.010713560392633747,0.06290786884932587,False,2,0.6330409999991389
sev1,115,none,0.2500008216251803,11.276234670125524,4.582647046076263,True,True,0,0.004797586846012472,0.11051109107668378,False,3,0.9470653999997012
sev1,116,none,0.2500009671845409,10.399699778117036,-4.444525349986507,True,False,1,0.029763343266780776,0.13906678501475422,False,3,0.8285219999997935
sev1,117,none,0.250000855214977,11.37149930911782,2.8491139382545185,True,True,0,0.00030473733267045295,0.03942988174379902,False,3,0.8729299999995419
sev1,118,none,0.25000011872131,8.250248188016368,2.3806851915971485,True,True,0,0.0017187616897604411,0.03316103409567628,False,3,0.6390148999998928
sev1,119,none,0.2500008870919437,10.264743620483465,0.3859584137250573,True,False,1,0.0015986106909008722,0.03843425622358515,False,3,0.3540118999990227
sev1,0,anscombe,0.2500002945888417,9.487745287251188,0.0957161614167017,True,True,0,0.008980398086620163,0.028895636081405635,False,3,0.35677140000007057
sev1,1,anscombe,0.2500009404829125,9.559484788815226,3.543262150707429,True,False,1,0.026103101900604306,0.12685428570869117,False,2,0.2811146000003646
sev1,2,anscombe,0.2500005194594489,10.899305837889951,-3.0657410653745965,True,True,0,0.020068080858834613,0.058870732123510905,False,2,0.2987901000014972
sev1,3,anscombe,0.2500006606029349,9.433418813360277,4.441705200859506,True,True,0,0.0008018505712970092,0.09418104335803346,False,2,0.26498870000068564
sev1,4,anscombe,0.2500003445846022,9.564261559623192,-3.95284836663766,True,True,0,0.009976150108705058,0.12003263664018338,False,3,0.5045052000004944
sev1,5,anscombe,0.2500007085511003,10.787873810515084,-3.019182474368041,True,True,0,0.0209548439252955,0.03654561563279968,False,3,0.7477435000000696
sev1,6,anscombe,0.250000073194484,11.66699948268141,3.6001800159516364,True,True,0,0.0030027833191652187,0.0522958265468918,False,2,0.6498878000002151
sev1,7,anscombe,0.2500004947616969,8.676872501240391,0.1584343984484721,True,True,0,0.02363680116083247,0.008749871554051464,False,3,0.7990484000001743
sev1,8,anscombe,0.2500001962812387,11.424383857651817,2.0490951454060955,True,True,0,0.007838336488353885,0.006632944594745727,False,3,0.5283171999999468
sev1,9,anscombe,0.2500006461412543,10.689700714204331,-4.60827507868875,True,False,1,0.005400965330816908,0.13613912368917003,False,3,0.44956850000016857
sev1,10,anscombe,0.2500004816725212,11.26422502731596,1.9425797567673009,True,True,0,0.014455140536878894,0.05403593676898333,False,3,0.6007747000003292
sev1,11,anscombe,0.2500009047243601,9.86461854722967,-0.1562101826302742,True,True,0,0.016881991062049243,0.010974087372249364,False,3,0.5413965999996435
sev1,12,anscombe,0.2500009164626485,8.463758706830355,-4.572696853564576,True,False,2,0.0026358585401816065,0.0453371351853189,False,3,0.4969872999990912
sev1,13,anscombe,0.2500007149590038,11.350148946047735,1.899342625473452,True,True,0,0.007596105034158762,0.04492928452570677,False,3,0.4780683000008139
sev1,14,anscombe,0.2500007822560389,10.243688031132276,1.9501897646866144,True,True,0,0.007737543890637355,0.07480156218472178,False,3,0.5715777999994316
sev1,15,anscombe,0.2500007509743351,9.922864768903064,-3.2981844228246926,True,True,0,0.011473276838852188,0.17357262532658524,False,3,0.42379369999980554
sev1,16,anscombe,0.2500009587302718,11.14671108235642,1.6659848534158144,True,True,0,0.0038225729358123696,0.13812080841539376,False,2,0.2505784999993921
sev1,17,anscombe,0.2500002060039186,11.4540290155245,-4.11398280090515,True,True,0,0.002355331243101659,0.01062899659295713,False,3,0.34714399999938905
sev1,18,anscombe,0.2500002172071809,11.894692179479543,-0.1764121180907265,True,False,1,0.0027204406097303536,0.009227848088202928,False,3,0.3251756000008754
sev1,19,anscombe,0.2500002727480583,11.954558751228776,-4.32403046705323,True,True,0,0.003021293574501834,0.0234936904482419,False,3,0.346149000000878
sev1,20,anscombe,0.2500008050899618,10.473717076115468,2.4120693371002755,True,True,0,0.00015096083886916663,0.17600135960048569,False,3,0.3104258999992453
sev1,21,anscombe,0.2500000106317924,10.53375705669195,1.2087390516192895,True,True,0,0.00504321320470074,0.027328925880500288,False,3,0.3649072000007436
sev1,22,anscombe,0.2500005117796552,11.53781087330012,-1.5954906223023435,True,True,0,0.00086210706770366,0.0676265773019229,False,3,0.463092100000722
sev1,23,anscombe,0.2500004685390085,10.153760089818787,0.4118725028867001,True,True,0,0.005038029050712916,0.17171963211456165,False,2,0.30351879999943776
sev1,24,anscombe,0.2500005195113352,9.919690944411466,-0.769842744192438,True,True,0,0.0023985536237451734,0.005910721692227838,False,3,0.44174480000037875
sev1,25,anscombe,0.2500004336409734,10.023099578340608,-0.1409520320232102,True,True,0,0.0009146427977437258,0.026232237979313372,False,2,0.3208095999998477
sev1,26,anscombe,0.2500007497129159,11.709259708185796,4.722638260484743,True,True,0,9.016587835080221e-05,0.1046042717348481,False,3,0.4473195999999007
sev1,27,anscombe,0.2500002640659524,9.023632354113918,-2.805602357686542,True,True,0,0.0020129048562613277,0.13866955231261713,False,2,0.34460760000001756
sev1,28,anscombe,0.2500002487587446,10.71712285507911,-2.506251748363124,True,True,0,0.00046776546170637786,0.08984388336438576,False,1,0.17141860000083398
sev1,29,anscombe,0.2500007453807568,8.106208639597643,3.022150377284476,True,True,0,0.004102981332113484,0.07787846728531678,False,3,0.5130466000009619
sev1,30,anscombe,0.2500009658148381,11.99076712596149,2.0263041284832104,True,True,0,0.007193753983200643,0.02942396151763038,False,3,0.4876664000003075
sev1,31,anscombe,0.2500002046227746,10.767412609241417,4.879690114438221,True,True,0,0.0003232519145982324,0.20592803568748508,False,2,0.5009828000002017
sev1,32,anscombe,0.2500002799840954,10.072043316425711,-2.7935473044543047,True,True,0,0.003182934069762161,0.029615281954094463,False,3,0.515732100000605
sev1,33,anscombe,0.2500009805448392,10.69948780533046,1.97716711092548,True,True,0,0.002096999652117944,0.10177890842358739,False,2,0.4174230999997235
sev1,34,anscombe,0.2500003432939369,9.014164428056883,-0.3734244320460149,True,True,0,0.024668771280022796,0.24881263454790756,False,3,0.6834517999996024
sev1,35,anscombe,0.2500008866267827,8.068998211511742,0.1675160045253951,True,True,0,0.006824414576393253,0.06855197297439469,False,3,0.3520779999998922
sev1,36,anscombe,0.2500002125102567,9.491692375696152,4.047350359138386,True,True,0,0.00206037236801388,0.07726143835972099,False,3,0.36590360000082
sev1,37,anscombe,0.2500003173515913,9.267356500607326,-1.5457238750409386,True,True,0,0.003376207994748608,0.10675196745758919,False,3,0.3223116999997728
sev1,38,anscombe,0.2500005962355679,10.894531915723997,-1.7500178419748291,True,True,0,0.004263706808184582,0.04181390947545993,False,3,0.32134290000067267
sev1,39,anscombe,0.2500007398110184,8.125530185550986,0.8926393504820949,True,True,0,0.0009225486374317608,0.12870732798188467,False,3,0.323021999998673
sev1,40,anscombe,0.2500002173806059,8.51980155942918,-0.6108726293331177,True,True,0,0.0006889288310328515,0.1530593931670925,False,3,0.42137039999943227
sev1,41,anscombe,0.2500008761409736,8.73921471555412,3.254808954197472,True,True,0,0.005518998159322365,0.07446906669852327,False,3,0.47585480000088864
sev1,42,anscombe,0.2500009684366998,11.435458743633646,-3.5203823197650186,True,True,0,0.006862276418097523,0.048246364765438976,False,3,0.4636905999996088
sev1,43,anscombe,0.2500009563311384,8.672306645657105,4.198886384860245,True,False,1,0.004139300916007226,0.0371815926395449,False,3,0.48984110000128567
sev1,44,anscombe,0.2500009326156415,8.54071909786255,-3.794216670547335,True,True,0,0.0021424304326993445,0.08117153195455762,False,2,0.3424520999997185
sev1,45,anscombe,0.2500002701783841,10.105642800997252,1.1119675215205058,True,True,0,0.0018565629115677733,0.012644275977601538,False,2,0.33591840000008233
sev1,46,anscombe,0.2500002517871527,11.946278220042426,-0.3480022431410843,True,True,0,0.009157427832504407,0.18081797313856074,False,2,0.3852041999998619
sev1,47,anscombe,0.2500003135377762,11.901858412052182,-2.1873930672044195,True,True,0,0.007800581595158362,0.06278126970631215,False,3,0.5394691999990755
sev1,48,anscombe,0.250000170696976,10.821833413015122,-0.8205129178611967,True,False,1,0.01934233584742313,0.16803707536266888,False,2,0.4745542000000569
sev1,49,anscombe,0.2500002355907681,10.60209945448434,4.084435849887639,True,True,0,0.011011743159205382,0.040175947610467944,False,3,0.6592683999988367
sev1,50,anscombe,0.2500007660468695,9.06669588572067,4.259579090260921,True,True,0,0.0008469338160791858,0.08794506724055129,False,3,0.6953785000005155
sev1,51,anscombe,0.2500004669584539,8.583725561178357,-0.551924639032249,True,True,0,0.015006366656882028,0.3847403690297254,False,3,0.4719506999990699
sev1,52,anscombe,0.2500000118615791,8.426743750385793,3.53271566251421,True,True,0,0.019320835272596093,0.11976017998431798,False,3,0.4441686000009213
sev1,53,anscombe,0.2500001560981834,8.942168161852614,-1.0021544852969977,True,True,0,0.00013253566764893807,0.0578825752978388,False,3,0.31869879999976547
sev1,54,anscombe,0.2500009893419466,10.428468795907198,-0.3052553890460263,True,True,0,0.002807877010119592,0.04226876845544586,False,3,0.33572670000103244
sev1,55,anscombe,0.2500002456853842,8.082381332274899,2.48975253042154,True,True,0,0.003956111450647261,0.03811151457888018,False,3,0.3020088000012038
sev1,56,anscombe,0.2500009015461116,8.794712635499005,0.8582395404577747,True,True,0,0.028468506789537117,0.030304279540542933,False,3,0.32311200000003737
sev1,57,anscombe,0.2500008340205207,8.840837236632105,-4.816211746923262,True,True,0,0.012903505453134737,0.05227972442305173,False,3,0.301345300000321
sev1,58,anscombe,0.2500001193941969,8.684584937318998,0.8739305017413077,True,True,0,0.006058887839622798,0.07034140825785118,False,3,0.4195208000001003
sev1,59,anscombe,0.2500003699734738,8.76281669380226,2.365353667260984,True,True,0,0.009787459178288849,0.017829509759512252,False,3,0.5269628999994893
sev1,60,anscombe,0.2500005706577742,11.08440526251475,-1.8245549406300696,True,True,0,0.007101300994116079,0.05083326187182302,False,3,0.5104650000012043
sev1,61,anscombe,0.2500006031153147,11.24524599302864,1.832760568761664,True,True,0,0.003193078779081116,0.2229675212391773,False,2,0.364267099999779
sev1,62,anscombe,0.2500007155250712,11.331388221538202,1.4049904700330351,True,True,0,0.004463512212543164,0.06714548496654427,False,3,0.4831055999984528
sev1,63,anscombe,0.2500004093968657,10.948926610545897,-1.5331577662276352,True,True,0,0.023680615568629295,0.05043436877362639,False,2,0.3982131000011577
sev1,64,anscombe,0.2500006221657627,8.958775420831339,-3.465448272547386,True,True,0,0.00615671217079723,0.04904040754864747,False,2,0.4715747000009287
sev1,65,anscombe,0.2500000035274671,11.430754762162724,1.6975712374877707,True,True,0,0.0033324386057900462,0.06636078501243947,False,3,0.43740060000163794
sev1,66,anscombe,0.2500000403628422,9.876291371744497,3.8131535726159385,True,True,0,0.021917267053628512,0.2164058201182515,False,3,0.42832559999988007
sev1,67,anscombe,0.2500009807082999,10.795475177870845,-2.1803244482200457,True,True,0,0.006793515029481983,0.05574352927974413,False,3,0.6719690000008995
sev1,68,anscombe,0.2500005578821087,10.711735730582946,0.1076981077696679,True,True,0,0.011655878594083319,0.05948616223285566,False,3,0.5657664999998815
sev1,69,anscombe,0.250000332974417,11.006952498754757,-1.9160773160340527,True,True,0,0.0006341013778557807,0.04068911353216009,False,3,0.6020211999984895
sev1,70,anscombe,0.2500007806286872,8.277710740901377,1.9759719365077852,True,True,0,0.007148147637199142,0.1005837340058926,False,3,0.4663577000010264
sev1,71,anscombe,0.2500009371779035,11.888133509442266,-1.149706037603324,True,True,0,0.0005187944926141935,0.0863619398964659,False,2,0.23941320000085398
sev1,72,anscombe,0.2500003809512893,11.010296400803355,2.97477279146975,True,True,0,0.011050529978273096,0.09938458896785729,False,3,0.3085424000000785
sev1,73,anscombe,0.2500002248966971,9.359692771381985,-3.3741604610451703,True,True,0,0.0005973278470631281,0.026636303543698503,False,3,0.3795451000005414
sev1,74,anscombe,0.2500005853075913,8.484313517096838,0.6661821622347421,True,True,0,0.005520709740782332,0.08259002723348041,False,2,0.22719189999952505
sev1,75,anscombe,0.250000271151412,9.589632864208188,-2.1600904118830098,True,True,0,0.004414470047119256,0.18743374561846204,False,3,0.2977965000009135
sev1,76,anscombe,0.2500006901522783,10.242917542517958,4.014979712814958,False,False,-1,0.038280546437552423,0.0707078028157988,False,3,0.31017419999989215
sev1,77,anscombe,0.25000088498795,10.770378165409308,0.6769913425099094,True,True,0,0.003185606613118842,0.024515500011381586,False,3,0.5195776000000478
sev1,78,anscombe,0.2500007074586987,11.991939986429076,1.2641231050819457,True,True,0,0.007290854468963822,0.13951130758383834,False,3,0.5905693000004248
sev1,79,anscombe,0.2500005916954509,10.907878951094954,-4.883794967141563,True,True,0,0.004930104659794828,0.06047694285759597,False,1,0.32749080000030517
sev1,80,anscombe,0.2500002184157253,8.439845057217406,2.8774161098040967,False,False,-1,0.02276356410932038,0.06685580019506254,False,3,0.5727701000014349
sev1,81,anscombe,0.2500007693593634,11.871401052951754,3.410566525159174,False,False,-1,0.009659089439954926,0.061569429840405476,False,3,0.5171817999998893
sev1,82,anscombe,0.2500003338658737,9.52390307499552,-1.1577153189031897,True,True,0,0.003972646214246337,0.10198722890234846,False,2,0.3107855999987805
sev1,83,anscombe,0.2500000562572291,8.851791718702337,-1.3698962533808512,True,True,0,0.01202154514912515,0.1022397016187282,False,2,0.33143999999992957
sev1,84,anscombe,0.2500006489444315,9.588337892422343,-3.1443905646393766,True,True,0,0.0016440882668308757,0.14740550286125398,False,3,0.5799131000003399
sev1,85,anscombe,0.2500009979267187,8.576262359337825,-4.481671986022462,True,True,0,0.00811958304151819,0.06526412102372436,False,2,0.40558100000089325
sev1,86,anscombe,0.2500007960194271,11.248357947907682,-2.500508761939905,True,True,0,0.011878006013071095,0.08308337306135671,False,3,0.5902463000002172
sev1,87,anscombe,0.2500007396160701,8.420266811830675,3.6536018138000728,True,True,0,0.0008488865454953527,0.07000967879881115,False,2,0.4046050999986619
sev1,88,anscombe,0.2500002938183592,9.917677821983885,-2.62030504608974,True,True,0,0.008146744032097817,0.03217079640878806,False,3,0.5183897000006255
sev1,89,anscombe,0.2500005445705319,10.649484231403047,-2.437155390553054,True,True,0,0.008130322954178924,0.03498056444652553,False,2,0.31734619999951974
sev1,90,anscombe,0.2500004675926859,11.835156882893257,-3.79568666564852,True,True,0,0.00954959271026137,0.07970153685337245,False,3,0.341818200000489
sev1,91,anscombe,0.2500005751339495,9.88476969084833,-3.840843659426553,True,True,0,0.0028679747392140065,0.008027929429076153,False,3,0.35345330000018294
sev1,92,anscombe,0.2500005184168434,10.732259388459338,-2.3241576753291926,True,True,0,0.00295116180987296,0.09225018966954579,False,1,0.17784699999901932
sev1,93,anscombe,0.2500008658697889,10.646723771358504,-1.3661331367794185,True,True,0,0.0013861315861410514,0.28634270571910925,False,2,0.2835979999999836
sev1,94,anscombe,0.2500003997623021,8.504821691287788,-2.1417607287319527,True,True,0,0.003843200654246616,0.08603263873111189,False,2,0.2644103999991785
sev1,95,anscombe,0.2500007182411023,10.553810243546042,4.220972885589152,True,True,0,0.0011383733237726901,0.015095091910637848,False,3,0.34221700000125566
sev1,96,anscombe,0.2500003615642175,8.316847605939358,3.053645455583009,True,True,0,0.021194464489912468,0.28971343308279884,False,3,0.30379029999858176
sev1,97,anscombe,0.2500002561961171,10.591305814855358,3.8845230569442606,True,True,0,0.008095807048571562,0.1205910344440504,False,1,0.15116069999930914
sev1,98,anscombe,0.250000010160609,9.77302273545734,-3.5442755736450127,False,False,-1,0.01718611270168636,0.21965644885519753,False,3,0.3317445000011503
sev1,99,anscombe,0.2500006159197652,10.060246956727214,-0.3888159241330076,True,True,0,0.015765029882512473,0.15274794663321778,False,2,0.3465025000004971
sev1,100,anscombe,0.2500003038001193,11.598399394714242,-1.8355137615347648,True,True,0,0.007282674905343108,0.10875814846439402,False,3,0.429465799999889
sev1,101,anscombe,0.2500009571571213,11.261416943466251,-2.4350132987201767,True,True,0,0.004725250049262728,0.08748914121870488,False,3,0.41050369999902614
sev1,102,anscombe,0.2500000951637802,9.48869366215445,-3.1899542962107907,True,True,0,0.0055963873676287985,0.046113681288999064,False,2,0.3742032999998628
sev1,103,anscombe,0.2500002707195807,9.239763654430448,-1.89463903697902,False,False,-1,0.04244722825043228,0.13070701447880984,False,3,0.5951195999987249
sev1,104,anscombe,0.2500001612779853,9.046219796377278,2.790130965871405,True,False,1,0.01009314059432634,0.026198943371194883,False,2,0.4995367999999871
sev1,105,anscombe,0.2500003748734506,9.35218983163016,0.0610781916561649,True,True,0,0.001636920606873772,0.005350101655323784,False,3,0.457078299999921
sev1,106,anscombe,0.2500005683449285,9.385908936637597,3.435371774298371,True,True,0,0.0019044450578384923,0.08784761679689934,False,3,0.6670118000001821
sev1,107,anscombe,0.2500006622934216,11.592648650952114,0.637853848458426,True,True,0,0.0048770810601305925,0.014621994040101893,False,3,0.5851567000008799
sev1,108,anscombe,0.2500001531650559,11.188598570345077,3.609106088677139,True,True,0,0.003816432980975448,0.08124204367671872,False,2,0.4011990999988484
sev1,109,anscombe,0.250000266897524,9.532567181598278,-1.6576791920802705,True,True,0,0.018424916138030645,0.6019511020794293,False,2,0.44383530000050087
sev1,110,anscombe,0.2500008568576015,10.704355518231385,1.5897573920045769,True,True,0,0.006762621706462148,0.049562832997526174,False,2,0.4086229000004096
sev1,111,anscombe,0.2500005923511027,8.467983036074548,1.3358364862705532,True,True,0,0.02080624959017294,0.28010839626971196,False,2,0.3667917999991914
sev1,112,anscombe,0.2500007534549753,10.8995786964837,0.1672870297182918,True,True,0,0.004172338353654661,0.04267523222018446,False,2,0.5763664999994944
sev1,113,anscombe,0.2500005484135887,8.690057316879301,2.755849783615892,True,True,0,0.003312950961813864,0.008082238884318027,False,2,0.40929200000027777
sev1,114,anscombe,0.2500003465285246,9.736276194256636,3.007179778848485,True,True,0,0.010713560392633747,0.04854831115235614,False,2,0.5404053000002023
sev1,115,anscombe,0.2500008216251803,11.276234670125524,4.582647046076263,True,True,0,0.004797586846012472,0.11051109107668378,False,2,0.4911846000013611
sev1,116,anscombe,0.2500009671845409,10.399699778117036,-4.444525349986507,True,False,1,0.025744374604956755,0.31940667251370325,False,3,0.5794741999998223
sev1,117,anscombe,0.250000855214977,11.37149930911782,2.8491139382545185,True,True,0,0.00030473733267045295,0.03942988174379902,False,3,0.5265020000006189
sev1,118,anscombe,0.25000011872131,8.250248188016368,2.3806851915971485,True,True,0,0.0017187616897604411,0.03316103409567672,False,3,0.720492500000546
sev1,119,anscombe,0.2500008870919437,10.264743620483465,0.3859584137250573,True,True,0,0.0015986106909008722,0.1498904362252675,False,2,0.605346099999224
sev1,0,gat,0.2500002945888417,9.487745287251188,0.0957161614167017,True,True,0,0.008980398086620163,0.028895636081405635,False,3,1.0889618000001065
sev1,1,gat,0.2500009404829125,9.559484788815226,3.543262150707429,True,False,1,0.026103101900604306,0.12685428570869117,False,2,0.7474690999988525
sev1,2,gat,0.2500005194594489,10.899305837889951,-3.0657410653745965,True,True,0,0.020068080858834613,0.058870732123510905,False,2,0.5612096000004385
sev1,3,gat,0.2500006606029349,9.433418813360277,4.441705200859506,True,True,0,0.0008018505712970092,0.09418104335803346,False,2,0.3814108999995369
sev1,4,gat,0.2500003445846022,9.564261559623192,-3.95284836663766,True,True,0,0.009976150108705058,0.12003263664018338,False,3,0.6183725999999297
sev1,5,gat,0.2500007085511003,10.787873810515084,-3.019182474368041,True,True,0,0.0209548439252955,0.03654561563279968,False,3,0.5775314999991679
sev1,6,gat,0.250000073194484,11.66699948268141,3.6001800159516364,True,True,0,0.0030027833191652187,0.0522958265468918,False,2,0.3682325000008859
sev1,7,gat,0.2500004947616969,8.676872501240391,0.1584343984484721,True,True,0,0.02363680116083247,0.008749871554051464,False,3,0.5913528000000952
sev1,8,gat,0.2500001962812387,11.424383857651817,2.0490951454060955,True,True,0,0.007838336488353885,0.006632944594745727,False,3,0.5266842000000906
sev1,9,gat,0.2500006461412543,10.689700714204331,-4.60827507868875,True,False,1,0.005400965330816908,0.13613912368917003,False,3,0.5508514000011928
sev1,10,gat,0.2500004816725212,11.26422502731596,1.9425797567673009,True,True,0,0.014455140536878894,0.05403593676898333,False,3,0.5557954000014433
sev1,11,gat,0.2500009047243601,9.86461854722967,-0.1562101826302742,True,True,0,0.016881991062049243,0.010974087372249364,False,3,0.5039778999998816
sev1,12,gat,0.2500009164626485,8.463758706830355,-4.572696853564576,True,False,2,0.0026358585401816065,0.04483280856415561,False,3,0.5801453000003676
sev1,13,gat,0.2500007149590038,11.350148946047735,1.899342625473452,True,True,0,0.007596105034158762,0.04492928452570677,False,3,0.557691199999681
sev1,14,gat,0.2500007822560389,10.243688031132276,1.9501897646866144,True,True,0,0.007737543890637355,0.07480156218472178,False,3,0.547466699999859
sev1,15,gat,0.2500007509743351,9.922864768903064,-3.2981844228246926,True,True,0,0.011473276838852188,0.17357262532658524,False,3,0.5549080000000686
sev1,16,gat,0.2500009587302718,11.14671108235642,1.6659848534158144,True,True,0,0.0038225729358123696,0.13812080841539376,False,2,0.40843000000131724
sev1,17,gat,0.2500002060039186,11.4540290155245,-4.11398280090515,True,True,0,0.002355331243101659,0.01062899659295713,False,3,0.5845869000004313
sev1,18,gat,0.2500002172071809,11.894692179479543,-0.1764121180907265,True,False,1,0.0027204406097303536,0.009227848088202928,False,3,0.6111641000006784
sev1,19,gat,0.2500002727480583,11.954558751228776,-4.32403046705323,True,True,0,0.003021293574501834,0.0234936904482419,False,3,0.6681242999984534
sev1,20,gat,0.2500008050899618,10.473717076115468,2.4120693371002755,True,True,0,0.00015096083886916663,0.17600135960048569,False,3,0.678290100000595
sev1,21,gat,0.2500000106317924,10.53375705669195,1.2087390516192895,True,True,0,0.00504321320470074,0.027328925880500288,False,3,0.5362127000007604
sev1,22,gat,0.2500005117796552,11.53781087330012,-1.5954906223023435,True,True,0,0.00086210706770366,0.0676265773019229,False,3,0.9211548000002949
sev1,23,gat,0.2500004685390085,10.153760089818787,0.4118725028867001,True,True,0,0.005038029050712916,0.17171963211456165,False,2,0.4367945999983931
sev1,24,gat,0.2500005195113352,9.919690944411466,-0.769842744192438,True,True,0,0.0023985536237451734,0.005910721692227838,False,3,0.514725200000612
sev1,25,gat,0.2500004336409734,10.023099578340608,-0.1409520320232102,True,True,0,0.0009146427977437258,0.026232237979313372,False,2,0.37614510000094015
sev1,26,gat,0.2500007497129159,11.709259708185796,4.722638260484743,True,True,0,9.016587835080221e-05,0.1046042717348481,False,3,0.502875899999708
sev1,27,gat,0.2500002640659524,9.023632354113918,-2.805602357686542,True,True,0,0.0020129048562613277,0.13866955231261713,False,2,0.3460223000001861
sev1,28,gat,0.2500002487587446,10.71712285507911,-2.506251748363124,True,True,0,0.00046776546170637786,0.08984388336438576,False,1,0.2156810000014957
sev1,29,gat,0.2500007453807568,8.106208639597643,3.022150377284476,True,True,0,0.004102981332113484,0.07787846728531678,False,3,0.5139581000003091
sev1,30,gat,0.2500009658148381,11.99076712596149,2.0263041284832104,True,True,0,0.007193753983200643,0.02942396151763038,False,3,0.4890973000001395
sev1,31,gat,0.2500002046227746,10.767412609241417,4.879690114438221,True,True,0,0.0003232519145982324,0.20592803568748508,False,2,0.3482187999998132
sev1,32,gat,0.2500002799840954,10.072043316425711,-2.7935473044543047,True,True,0,0.003182934069762161,0.029615281954094463,False,3,0.47650830000020505
sev1,33,gat,0.2500009805448392,10.69948780533046,1.97716711092548,True,True,0,0.002096999652117944,0.10177890842358739,False,2,0.36153290000038396
sev1,34,gat,0.2500003432939369,9.014164428056883,-0.3734244320460149,True,True,0,0.024668771280022796,0.24881263454790756,False,3,0.48941519999971206
sev1,35,gat,0.2500008866267827,8.068998211511742,0.1675160045253951,True,True,0,0.006824414576393253,0.06855197297439469,False,3,0.46766030000071623
sev1,36,gat,0.2500002125102567,9.491692375696152,4.047350359138386,True,True,0,0.00206037236801388,0.07726143835972099,False,3,0.4743321999994805
sev1,37,gat,0.2500003173515913,9.267356500607326,-1.5457238750409386,True,True,0,0.003376207994748608,0.10675196745758919,False,3,0.49459720000049856
sev1,38,gat,0.2500005962355679,10.894531915723997,-1.7500178419748291,True,True,0,0.004263706808184582,0.04181390947545993,False,3,0.4846182000001136
sev1,39,gat,0.2500007398110184,8.125530185550986,0.8926393504820949,True,True,0,0.0009225486374317608,0.12870732798188467,False,3,0.5025865999996313
sev1,40,gat,0.2500002173806059,8.51980155942918,-0.6108726293331177,True,True,0,0.0006889288310328515,0.1530593931670925,False,3,0.8655494000013277
sev1,41,gat,0.2500008761409736,8.73921471555412,3.254808954197472,True,True,0,0.005518998159322365,0.07446906669852327,False,3,0.9664021999997203
sev1,42,gat,0.2500009684366998,11.435458743633646,-3.5203823197650186,True,True,0,0.006862276418097523,0.048246364765438976,False,3,0.6995822999997472
sev1,43,gat,0.2500009563311384,8.672306645657105,4.198886384860245,True,False,1,0.004139300916007226,0.0371815926395449,False,3,0.8623198999994202
sev1,44,gat,0.2500009326156415,8.54071909786255,-3.794216670547335,True,True,0,0.0021424304326993445,0.08117153195455762,False,2,0.6431142999990698
sev1,45,gat,0.2500002701783841,10.105642800997252,1.1119675215205058,True,True,0,0.0018565629115677733,0.056239431519664596,False,2,0.5465336999986903
sev1,46,gat,0.2500002517871527,11.946278220042426,-0.3480022431410843,True,True,0,0.009157427832504407,0.18081797313856074,False,2,0.5340563000008842
sev1,47,gat,0.2500003135377762,11.901858412052182,-2.1873930672044195,True,True,0,0.007800581595158362,0.06278126970631215,False,3,0.7436377999983961
sev1,48,gat,0.250000170696976,10.821833413015122,-0.8205129178611967,True,False,1,0.01934233584742313,0.16803707536266888,False,2,0.5288709000014933
sev1,49,gat,0.2500002355907681,10.60209945448434,4.084435849887639,True,True,0,0.011011743159205382,0.040175947610467944,False,3,0.831790700000056
sev1,50,gat,0.2500007660468695,9.06669588572067,4.259579090260921,True,True,0,0.0008469338160791858,0.08794506724055129,False,3,0.7431555000002845
sev1,51,gat,0.2500004669584539,8.583725561178357,-0.551924639032249,True,True,0,0.015006366656882028,0.3847403690297254,False,3,0.7359198000012839
sev1,52,gat,0.2500000118615791,8.426743750385793,3.53271566251421,True,True,0,0.019320835272596093,0.11976017998431798,False,3,0.7385298999997758
sev1,53,gat,0.2500001560981834,8.942168161852614,-1.0021544852969977,True,True,0,0.00013253566764893807,0.0578825752978388,False,3,0.7102217000010569
sev1,54,gat,0.2500009893419466,10.428468795907198,-0.3052553890460263,True,True,0,0.002807877010119592,0.04226876845544586,False,3,0.7070609999991575
sev1,55,gat,0.2500002456853842,8.082381332274899,2.48975253042154,True,True,0,0.003956111450647261,0.03811151457888018,False,3,0.7130462000004627
sev1,56,gat,0.2500009015461116,8.794712635499005,0.8582395404577747,True,True,0,0.028468506789537117,0.030304279540542933,False,3,0.7016392999994423
sev1,57,gat,0.2500008340205207,8.840837236632105,-4.816211746923262,True,True,0,0.012903505453134737,0.05227972442305173,False,3,0.7046876000003977
sev1,58,gat,0.2500001193941969,8.684584937318998,0.8739305017413077,True,True,0,0.006058887839622798,0.0014577007605849346,False,3,0.7153569999991305
sev1,59,gat,0.2500003699734738,8.76281669380226,2.365353667260984,True,True,0,0.009787459178288849,0.017829509759512252,False,3,0.728390500000387
sev1,60,gat,0.2500005706577742,11.08440526251475,-1.8245549406300696,True,True,0,0.007101300994116079,0.05083326187182302,False,3,0.7250733000000764
sev1,61,gat,0.2500006031153147,11.24524599302864,1.832760568761664,True,True,0,0.003193078779081116,0.2229675212391773,False,2,0.5157312000010279
sev1,62,gat,0.2500007155250712,11.331388221538202,1.4049904700330351,True,True,0,0.004463512212543164,0.06714548496654427,False,3,0.7031337999997049
sev1,63,gat,0.2500004093968657,10.948926610545897,-1.5331577662276352,True,True,0,0.023680615568629295,0.05043436877362639,False,2,0.49220729999979085
sev1,64,gat,0.2500006221657627,8.958775420831339,-3.465448272547386,True,True,0,0.00615671217079723,0.04904040754864747,False,2,0.4991206000013335
sev1,65,gat,0.2500000035274671,11.430754762162724,1.6975712374877707,True,True,0,0.0033324386057900462,0.06636078501243947,False,3,0.7114411999991717
sev1,66,gat,0.2500000403628422,9.876291371744497,3.8131535726159385,True,True,0,0.021917267053628512,0.13111833738322076,False,3,0.7522047000002203
sev1,67,gat,0.2500009807082999,10.795475177870845,-2.1803244482200457,True,True,0,0.006793515029481983,0.05574352927974413,False,3,0.8013276000001497
sev1,68,gat,0.2500005578821087,10.711735730582946,0.1076981077696679,True,True,0,0.011655878594083319,0.05197001776882679,False,3,0.7653019000008499
sev1,69,gat,0.250000332974417,11.006952498754757,-1.9160773160340527,False,False,-1,0.017982770835270074,0.04068911353216009,False,3,0.8439321000005293
sev1,70,gat,0.2500007806286872,8.277710740901377,1.9759719365077852,True,True,0,0.007148147637199142,0.1005837340058926,False,3,0.7609368000012182
sev1,71,gat,0.2500009371779035,11.888133509442266,-1.149706037603324,True,True,0,0.0005187944926141935,0.0863619398964659,False,2,0.5020924000000377
sev1,72,gat,0.2500003809512893,11.010296400803355,2.97477279146975,True,True,0,0.011050529978273096,0.09938458896785729,False,3,0.716401899999255
sev1,73,gat,0.2500002248966971,9.359692771381985,-3.3741604610451703,True,True,0,0.0005973278470631281,0.026636303543698503,False,3,0.7115595000013855
sev1,74,gat,0.2500005853075913,8.484313517096838,0.6661821622347421,True,True,0,0.005520709740782332,0.08259002723348041,False,2,0.5060226000005059
sev1,75,gat,0.250000271151412,9.589632864208188,-2.1600904118830098,True,True,0,0.0002869583092267944,0.3677736331174106,False,3,0.6884283999988838
sev1,76,gat,0.2500006901522783,10.242917542517958,4.014979712814958,False,False,-1,0.038280546437552423,0.0707078028157988,False,3,0.676138799999535
sev1,77,gat,0.25000088498795,10.770378165409308,0.6769913425099094,True,True,0,0.003185606613118842,0.024515500011381586,False,3,0.8815668999995978
sev1,78,gat,0.2500007074586987,11.991939986429076,1.2641231050819457,True,True,0,0.007290854468963822,0.13951130758383834,False,3,0.7948614000015368
sev1,79,gat,0.2500005916954509,10.907878951094954,-4.883794967141563,True,True,0,0.004930104659794828,0.06047694285759597,False,1,0.2934853999995539
sev1,80,gat,0.2500002184157253,8.439845057217406,2.8774161098040967,False,False,-1,0.02276356410932038,0.06685580019506254,False,3,0.6858800000009069
sev1,81,gat,0.2500007693593634,11.871401052951754,3.410566525159174,False,False,-1,0.009659089439954926,0.061569429840405476,False,3,0.7493223000001308
sev1,82,gat,0.2500003338658737,9.52390307499552,-1.1577153189031897,True,True,0,0.003972646214246337,0.10198722890234846,False,2,0.5097647000002326
sev1,83,gat,0.2500000562572291,8.851791718702337,-1.3698962533808512,True,True,0,0.01202154514912515,0.1022397016187282,False,2,0.5257869999986724
sev1,84,gat,0.2500006489444315,9.588337892422343,-3.1443905646393766,True,True,0,0.0016440882668308757,0.14740550286125398,False,3,0.8421326000006957
sev1,85,gat,0.2500009979267187,8.576262359337825,-4.481671986022462,True,True,0,0.00811958304151819,0.06526412102372436,False,2,0.5660263999998278
sev1,86,gat,0.2500007960194271,11.248357947907682,-2.500508761939905,True,True,0,0.011878006013071095,0.08308337306135671,False,3,0.7563142999988486
sev1,87,gat,0.2500007396160701,8.420266811830675,3.6536018138000728,True,True,0,0.0008488865454953527,0.07000967879881115,False,2,0.5493900000001304
sev1,88,gat,0.2500002938183592,9.917677821983885,-2.62030504608974,True,True,0,0.008146744032097817,0.03217079640878806,False,3,0.7822229000012157
sev1,89,gat,0.2500005445705319,10.649484231403047,-2.437155390553054,True,True,0,0.008130322954178924,0.03498056444652553,False,2,0.5059622999997373
sev1,90,gat,0.2500004675926859,11.835156882893257,-3.79568666564852,True,True,0,0.00954959271026137,0.07970153685337245,False,3,0.7366189999993367
sev1,91,gat,0.2500005751339495,9.88476969084833,-3.840843659426553,True,True,0,0.0028679747392140065,0.008027929429076153,False,3,0.693641399999251
sev1,92,gat,0.2500005184168434,10.732259388459338,-2.3241576753291926,True,True,0,0.00295116180987296,0.09225018966954579,False,1,0.3170743000009679
sev1,93,gat,0.2500008658697889,10.646723771358504,-1.3661331367794185,True,True,0,0.0013861315861410514,0.28634270571910925,False,2,0.5215017000009539
sev1,94,gat,0.2500003997623021,8.504821691287788,-2.1417607287319527,True,True,0,0.0058680434433619755,0.08603263873111189,False,2,0.4854266000002099
sev1,95,gat,0.2500007182411023,10.553810243546042,4.220972885589152,True,True,0,0.0011383733237726901,0.015095091910637848,False,3,0.6893292000004294
sev1,96,gat,0.2500003615642175,8.316847605939358,3.053645455583009,True,True,0,0.021194464489912468,0.28971343308279884,False,3,0.6812736000010773
sev1,97,gat,0.2500002561961171,10.591305814855358,3.8845230569442606,True,True,0,0.008095807048571562,0.1205910344440504,False,1,0.3036505000000034
sev1,98,gat,0.250000010160609,9.77302273545734,-3.5442755736450127,False,False,-1,0.01718611270168636,0.21965644885519753,False,3,0.689768099999128
sev1,99,gat,0.2500006159197652,10.060246956727214,-0.3888159241330076,True,True,0,0.015765029882512473,0.15274794663321778,False,2,0.521501299999727
sev1,100,gat,0.2500003038001193,11.598399394714242,-1.8355137615347648,True,True,0,0.007282674905343108,0.10875814846439402,False,3,0.7323980000001029
sev1,101,gat,0.2500009571571213,11.261416943466251,-2.4350132987201767,True,True,0,0.004725250049262728,0.08748914121870488,False,3,0.7229325999996945
sev1,102,gat,0.2500000951637802,9.48869366215445,-3.1899542962107907,True,True,0,0.0055963873676287985,0.046113681288999064,False,2,0.5025896000006469
sev1,103,gat,0.2500002707195807,9.239763654430448,-1.89463903697902,False,False,-1,0.04244722825043228,0.13070701447880984,False,3,0.7421524999990652
sev1,104,gat,0.2500001612779853,9.046219796377278,2.790130965871405,True,False,1,0.01009314059432634,0.026198943371194883,False,2,0.5179090000001452
sev1,105,gat,0.2500003748734506,9.35218983163016,0.0610781916561649,True,True,0,0.001636920606873772,0.005350101655323784,False,3,0.7063479999997071
sev1,106,gat,0.2500005683449285,9.385908936637597,3.435371774298371,True,True,0,0.0019044450578384923,0.08784761679689934,False,3,0.7179636000000755
sev1,107,gat,0.2500006622934216,11.592648650952114,0.637853848458426,True,True,0,0.0048770810601305925,0.014621994040101893,False,3,0.7370344999999361
sev1,108,gat,0.2500001531650559,11.188598570345077,3.609106088677139,True,True,0,0.003816432980975448,0.08124204367671872,False,2,0.51832370000011
sev1,109,gat,0.250000266897524,9.532567181598278,-1.6576791920802705,True,True,0,0.018424916138030645,0.6019511020794293,False,2,0.5028074000001652
sev1,110,gat,0.2500008568576015,10.704355518231385,1.5897573920045769,True,True,0,0.006762621706462148,0.049562832997526174,False,2,0.5275402999996004
sev1,111,gat,0.2500005923511027,8.467983036074548,1.3358364862705532,True,True,0,0.02080624959017294,0.28010839626971196,False,2,0.6365521999996417
sev1,112,gat,0.2500007534549753,10.8995786964837,0.1672870297182918,True,True,0,0.004172338353654661,0.04267523222018446,False,2,0.6510368999988714
sev1,113,gat,0.2500005484135887,8.690057316879301,2.755849783615892,True,True,0,0.003312950961813864,0.008082238884318027,False,2,0.6139758000008442
sev1,114,gat,0.2500003465285246,9.736276194256636,3.007179778848485,True,True,0,0.010713560392633747,0.04854831115235614,False,2,0.59207779999997
sev1,115,gat,0.2500008216251803,11.276234670125524,4.582647046076263,True,True,0,0.004797586846012472,0.11051109107668378,False,2,0.6141107000003103
sev1,116,gat,0.2500009671845409,10.399699778117036,-4.444525349986507,True,False,1,0.025744374604956755,0.31940667251370325,False,3,0.8216339999999036
sev1,117,gat,0.250000855214977,11.37149930911782,2.8491139382545185,True,True,0,0.00030473733267045295,0.03942988174379902,False,3,0.8634571999991749
sev1,118,gat,0.25000011872131,8.250248188016368,2.3806851915971485,True,True,0,0.0017187616897604411,0.03316103409567672,False,3,0.951635700001134
sev1,119,gat,0.2500008870919437,10.264743620483465,0.3859584137250573,True,True,0,0.0015986106909008722,0.1498904362252675,False,2,0.6958943999998155
sev2,0,none,0.5000006718117646,11.01918820514138,3.617874859886305,True,True,0,0.01968200999209887,0.3260787923856743,False,3,0.6189666999998735
sev2,1,none,0.50000055636915,9.840447226670138,4.013322178278933,True,True,0,0.01377297143340673,0.06905026827977379,False,3,0.596681200000603
sev2,2,none,0.5000002293958908,11.953286520050575,0.95252424588098,True,True,0,0.009018023374344125,0.1720875516171274,False,3,0.6070552000001044
sev2,3,none,0.5000009679218238,10.64847672680716,-1.7381315976071288,True,True,0,0.023410840355706605,0.317596492393712,False,3,0.63036590000047
sev2,4,none,0.5000004892967661,10.254633436934594,-1.2517846217197883,True,True,0,0.0034897772337942547,0.07144473422083975,False,3,0.5974237999998877
sev2,5,none,0.5000009828080382,11.266334970314253,-0.7803714623671665,True,True,0,0.006261669766343581,0.12789561986863862,False,3,0.552878000000419
sev2,6,none,0.5000009182740792,11.456154164820672,1.6907847544520551,False,False,-1,0.006475834080374266,0.4547167769522653,False,3,0.5891578000009758
sev2,7,none,0.5000000159326445,8.42222016643601,-1.9761179503228528,True,True,0,0.002734816693985218,0.07961013967798847,False,3,0.551999799999976
sev2,8,none,0.5000006830004774,9.059968944431038,-1.7823649476831704,True,True,0,0.0048712111585959336,0.10617887231514711,False,3,0.48227849999966566
sev2,9,none,0.5000007804253722,9.836881560345862,-3.000741585857467,True,True,0,0.0014163577537487137,0.05498650414337369,False,3,0.5593389000005118
sev2,10,none,0.5000006198853496,11.839738267467917,2.996792109074722,True,True,0,0.0037714765803459034,0.0525201990755626,False,3,0.6104114000008849
sev2,11,none,0.5000001590778619,10.086461069423809,-1.7385288252476458,True,True,0,0.008981337763315991,0.025403197252564347,False,3,0.6281125999994401
sev2,12,none,0.500000115441633,11.20636759584626,-4.396668575347201,True,True,0,0.005396000227438206,0.019739289651537817,False,3,0.6318722000014532
sev2,13,none,0.5000002213374062,11.01518990412643,0.692466116315237,True,True,0,0.003908597990736583,0.039990273816709165,False,3,0.6683095000007597
sev2,14,none,0.5000005624258353,8.393712885628192,-3.709979529099251,False,False,-1,0.012142042444895211,0.0017755965998818013,False,3,0.667447899999388
sev2,15,none,0.500000609036238,9.186480950678092,4.200237358162884,True,True,0,0.009947562599101976,0.14450926816204301,False,3,0.6916151999994327
sev2,16,none,0.5000000413244342,11.404461705408512,0.4939625579371673,True,True,0,0.012042160834911556,0.2578945804373775,False,2,0.47364890000062587
sev2,17,none,0.5000009608090069,10.392609062743045,3.940365321229738,True,True,0,0.0006329378254934717,0.17643329872952762,False,3,0.6823996999992232
sev2,18,none,0.5000001724315474,11.62505648967066,-4.973262644176288,True,False,1,0.0017928122842390969,0.028990734177129163,False,3,0.6844490999992558
sev2,19,none,0.5000002239677895,10.45915290887286,-1.8603800118844904,True,True,0,0.017854708359702397,0.028163808113827127,False,3,0.6658273999983066
sev2,20,none,0.5000001070193071,11.434040773389782,4.711320080414684,True,True,0,0.003044092453885228,0.2329518295844748,False,3,0.6523333000004641
sev2,21,none,0.5000000212028622,11.149456445970351,4.404778093257205,True,True,0,0.02085389242125681,0.12308595174321546,False,3,0.6604428000009648
sev2,22,none,0.5000009724667301,9.132077414617754,-0.9281539381866296,True,True,0,0.006450404254459,0.18330224181505284,False,2,0.49983090000023367
sev2,23,none,0.5000001138431608,8.094996683466317,-4.315710958915701,True,True,0,6.112656565021875e-05,0.07964298141591097,False,3,0.5276591000001645
sev2,24,none,0.5000008159530983,8.018335176728373,-2.5830689933097157,True,True,0,0.0005491357159703054,0.2923192091921769,False,3,0.6468985000010434
sev2,25,none,0.5000004583858179,8.696625905063835,-1.7121571623409635,True,True,0,0.002250863973302005,0.34357092765987773,False,2,0.4943412000011449
sev2,26,none,0.5000005660300978,10.992070956289952,0.0600624562766256,True,True,0,0.004822932438809289,0.11579054627746671,False,2,0.4897833000013634
sev2,27,none,0.5000003864123292,8.565471089423895,0.999092139018023,True,True,0,0.014653241472746676,0.054820229018864075,False,3,0.6860814000010578
sev2,28,none,0.5000006234614497,11.969666694865584,-2.545090450344536,False,False,-1,0.03691018815542088,1.0172264053441153,False,3,0.6712035000000469
sev2,29,none,0.5000000882956988,8.139266910071889,1.4005921163340034,True,True,0,0.010917491724486972,0.16452413883421357,False,3,0.614310299999488
sev2,30,none,0.5000003106746803,10.450458172653196,-2.9074446786802053,True,True,0,0.02003470853988151,0.08778456617915387,False,3,0.6482412000004842
sev2,31,none,0.5000005075396906,9.168551350904025,2.3615097314229807,True,True,0,0.0005925025744506449,0.1254417539231909,False,3,0.6493021999995108
sev2,32,none,0.5000006343955854,10.21840251626771,-1.2493374722453965,True,True,0,0.0204188929262634,0.08215320224287281,False,2,0.4934840999994776
sev2,33,none,0.5000009843302708,11.783276333626787,3.2856196397796893,True,False,1,0.006371097392766597,0.11843536977716607,False,2,0.48949249999895983
sev2,34,none,0.500000595170717,11.658018297602094,-4.119276759935978,True,True,0,0.009085053925494439,0.0053350375621290524,False,3,0.6520069999987754
sev2,35,none,0.5000003419968422,8.155849480897523,-0.1436424354357264,True,True,0,0.00016441986983577146,0.02354183456679715,False,2,0.5022642999992968
sev2,36,none,0.5000004428128061,9.9488979161732,3.4075259792492005,True,False,1,0.008267753262158823,0.17145800174941073,False,3,0.6506101999984821
sev2,37,none,0.5000000662054528,8.680159257477875,-4.441703018949009,True,True,0,0.0048359363321061055,0.5025688910501502,False,2,0.5148274000002857
sev2,38,none,0.5000008695912241,9.94301208437386,-4.931837950217498,True,True,0,0.023946169855589623,0.012433959781660953,False,3,0.6849648999996134
sev2,39,none,0.500000884527276,8.878880891340412,0.9130916475001368,True,True,0,0.006994362808178892,0.21152014999797053,False,2,0.49684759999945527
sev2,40,none,0.5000004350928073,10.78797513784163,-2.0842254930897344,True,True,0,0.017044270981582534,0.1399535830905756,False,3,0.6529229000007035
sev2,41,none,0.5000004499395815,10.2983449307585,-0.4042710285699744,True,True,0,0.003741971052238845,0.001018781067661123,False,3,0.6508321999990585
sev2,42,none,0.5000003002824592,10.293903408825685,-1.860851334134268,True,True,0,0.009998190104677916,0.20837549163574032,False,3,0.6905676000005769
sev2,43,none,0.5000001672384671,10.862963795403587,-1.725584472033316,True,False,1,0.027980098871106307,0.10723125796416033,False,3,0.677936400001272
sev2,44,none,0.5000006091652711,8.519473221611234,-1.3880034902343272,True,True,0,0.0006504156967085009,0.15193551273453743,False,3,0.7078259999998409
sev2,45,none,0.500000754045801,9.844762134832829,-4.983064091545701,True,True,0,0.006609394978419323,0.03879218154654218,False,3,0.637341199999355
sev2,46,none,0.5000001964540292,11.368600943690556,3.615171639264764,True,True,0,0.029682455738171493,0.09303229323460549,False,3,0.6055708000003506
sev2,47,none,0.5000004768273002,11.506211488910024,4.916789620628176,True,True,0,0.02389504666496854,0.5692654631267038,False,3,0.55533959999957
sev2,48,none,0.5000007003070258,8.37512411936845,2.1585753795185783,True,True,0,0.002873129808347832,0.047119199516895804,False,3,0.4688610000011977
sev2,49,none,0.5000005983935056,8.740533185755675,4.387767434258741,False,False,-1,0.19295365185703556,1.1516994567589514,False,3,0.4783313999996608
sev2,50,none,0.500000696489405,11.748453725325636,-2.985527463630886,True,True,0,0.01328300519458464,0.18165680637163728,False,3,0.513584100001026
sev2,51,none,0.5000004847467051,10.47506136912715,0.9405969648595436,True,True,0,0.01585139875567523,0.11513112514129764,False,2,0.3463141000011092
sev2,52,none,0.500000964994039,10.331219433540925,4.7958215952949175,True,True,0,0.017685481383359056,0.058280370954767236,False,3,0.4572752000003675
sev2,53,none,0.5000007440786877,10.93623974985408,4.325826903565122,True,True,0,0.0021141443273275887,0.08975892606533176,False,3,0.49631919999956153
sev2,54,none,0.5000007312940006,8.53263279250957,-1.925000358877369,False,False,-1,0.011641567281289197,0.8692722688765278,False,3,0.5895119000015256
sev2,55,none,0.5000004945512114,11.203049958124703,2.5715119919880616,True,True,0,0.006345053100744802,0.1551041269893232,False,2,0.34410570000000007
sev2,56,none,0.5000003156645837,10.870550223965424,1.55098533008461,True,True,0,0.0010501572643042425,0.20346117258313767,False,3,0.5321209000012459
sev2,57,none,0.5000009840208013,11.722048297788684,-4.829123128061256,True,True,0,0.012453940408072793,0.08070692818926961,False,3,0.4899697000000742
sev2,58,none,0.5000003811973409,10.319789530362096,-3.935904992512716,True,True,0,0.006024975674656788,0.11982309748812492,False,2,0.3761458999997558
sev2,59,none,0.5000004478402298,8.772907831180234,4.021086179250744,True,True,0,0.0021530188945180716,0.07681426925158519,False,3,0.4823882999990019
sev2,60,none,0.5000004637237416,11.642147626294442,-1.424341926596192,True,True,0,0.0029980170283675682,0.07681776909471982,False,3,0.46733339999991586
sev2,61,none,0.5000006080227132,11.697412701975656,-2.9952775185885416,True,True,0,0.004403936967757001,0.12933427890956573,False,3,0.5947550000000774
sev2,62,none,0.5000004078193155,10.548728942420569,4.221011828550596,True,True,0,0.0009752883035040818,0.3068522164498244,False,3,0.7690604999988864
sev2,63,none,0.5000009028046091,8.37613091834434,3.823590995377703,True,True,0,0.002629967500437812,0.05179720712418945,False,3,0.9202649000017118
sev2,64,none,0.500000134331622,11.460124696296845,2.909538314311763,True,False,1,0.006820055376185848,0.14618977568907798,False,3,0.898878699999841
sev2,65,none,0.5000005521024454,8.247601566350966,-2.881688098212428,True,False,2,0.014020506952304421,0.04887236821495122,False,3,0.7211620999987645
sev2,66,none,0.5000004719956506,9.64259096686393,0.9769860280641652,True,True,0,0.001101877664451015,0.07874206193667599,False,3,0.7051030000002356
sev2,67,none,0.500000678944293,9.702980702542234,3.3220265483797533,False,False,-1,0.049556395326713444,0.2615655866215083,False,3,0.7575913000000583
sev2,68,none,0.5000004048593238,11.961411449010726,-1.6531734487525696,True,True,0,0.004757210473514679,0.41710547125277975,False,3,0.760406100000182
sev2,69,none,0.5000004223941573,9.459041986201942,-2.697582141965792,True,True,0,0.017681063150504682,0.13523358803168462,False,3,0.6458162999988417
sev2,70,none,0.5000001260729302,9.783478204773834,-0.2281126079364384,True,False,1,0.0019978766103946836,0.06092833793391483,False,3,0.7565119000009872
sev2,71,none,0.5000002031970078,10.506746738561285,4.336931795082066,True,False,1,0.0033358878643861994,0.01059236241940642,False,2,0.5167094999997062
sev2,72,none,0.500000551409929,8.440074353529738,-4.085720806388268,True,False,1,0.003583415976254285,0.1503471711115214,False,3,0.7519922999999835
sev2,73,none,0.5000006142617281,9.902751836925589,-4.170235717776518,True,False,1,0.021739629081843456,0.11450762777567736,False,3,0.6801966000002722
sev2,74,none,0.5000009118971918,9.724110734692225,3.663489285362191,True,True,0,0.008731519210266278,0.24708142036345304,False,2,0.5525308000014775
sev2,75,none,0.5000007543163499,11.33631390400419,-3.927927940102081,True,True,0,0.006775134957520273,0.3081400373977088,False,2,0.5068380999982764
sev2,76,none,0.5000001793846881,9.182797479897058,-2.584737156044156,True,True,0,0.0006257893397732782,0.06773868645437231,False,3,0.701655099999698
sev2,77,none,0.5000007190310809,11.951767227703176,1.3993637638456713,True,True,0,0.004399373630443369,0.017044101153067093,False,3,0.7375467999991088
sev2,78,none,0.5000006885575261,9.13521029297869,-3.6464058703059,True,True,0,0.004580156209245782,0.11854182530547952,False,2,0.5350295000007463
sev2,79,none,0.5000007810468591,8.72540036164925,0.00422895965246,True,True,0,0.0007510613556003279,0.05149913034838111,False,3,0.7139428999998927
sev2,80,none,0.5000002808876824,11.337061610115551,-2.7325636705104817,True,True,0,0.003960850057874579,0.14897153550922004,False,3,0.7799862000010762
sev2,81,none,0.5000002982053035,9.167139794697253,0.5460555651204757,True,True,0,0.0010811647525351376,0.43459938511879337,False,3,0.7600357999999687
sev2,82,none,0.5000004128674154,10.30799836509066,-0.6386440701719582,True,True,0,0.0028019672939144334,0.30562783982720065,False,3,0.7095826000004308
sev2,83,none,0.5000005828504885,10.72257949166288,-2.060171364819614,True,True,0,0.005852083956210793,0.10701290518290918,False,2,0.5292312000001402
sev2,84,none,0.5000004236172434,9.224771257408872,-3.1605800825636585,True,True,0,0.00424517464971141,0.1869440749378133,False,2,0.515734299999167
sev2,85,none,0.5000005933937803,11.459701015746282,3.110834175853899,True,True,0,0.0059480634931468965,0.22229035585558155,False,3,0.7305407999992894
sev2,86,none,0.5000003818818591,11.555468104641974,-3.545146671068433,True,True,0,0.006620061248527046,0.05160108142925379,False,3,0.694413600000189
sev2,87,none,0.5000009090093612,8.40039798686499,4.328764838503158,True,True,0,0.004831320947355502,0.01875931899831418,False,3,0.6747007999983907
sev2,88,none,0.5000004403401154,10.241377607935314,3.087799379884805,True,True,0,0.007641418010995529,0.03207128988396413,False,3,0.7107145999998465
sev2,89,none,0.5000005498253098,9.513324495627348,4.716622552350405,True,True,0,0.021949367906898228,0.04730947014980558,False,3,0.7011069999989559
sev2,90,none,0.5000000323608202,8.707835680771193,4.093231098001722,True,True,0,0.026774428618204216,0.14283687949806811,False,3,0.6704914000001736
sev2,91,none,0.5000008269560484,11.230405482958147,-3.81515602517847,True,True,0,0.016269535231274473,0.060232177323422675,False,1,0.32631770000079996
sev2,92,none,0.500000168982826,9.431124844558225,0.5129865282442303,True,True,0,0.0010452794581037553,0.07060560675703142,False,3,0.7361863000005542
sev2,93,none,0.5000009311435908,8.47433140173196,0.8039284311476038,True,True,0,0.0013849559583461945,0.4432486561497069,False,3,0.6805588999995962
sev2,94,none,0.5000007030548418,9.855901087915411,3.975139064353279,True,True,0,0.003343384916946467,0.09975086185138649,False,3,0.6985223000010592
sev2,95,none,0.5000007191568951,10.116736149225272,1.8576481509879104,True,True,0,0.010161787873941348,0.385512195988331,False,1,0.3134043999998539
sev2,96,none,0.500000970011961,8.56775294184241,-4.977493512719207,True,True,0,0.0006064688218741292,0.03322160272004737,False,2,0.5461563999997452
sev2,97,none,0.5000006141740446,9.135688906848014,4.846717542851343,True,False,1,0.019427650849144322,0.08278552035113318,False,3,0.7014006000008521
sev2,98,none,0.5000002970953331,10.518595304948464,2.187117963820304,True,True,0,0.0022056901971741066,0.13138987381946343,False,3,0.7106002999989869
sev2,99,none,0.5000000695647061,10.141004262032988,0.1346200503181815,True,True,0,0.007676043376090707,0.07889196031734039,False,1,0.3449700999990455
sev2,100,none,0.5000008320083293,10.020925724154289,3.2315746042717617,True,True,0,0.015579923778322284,0.1848332607269767,False,3,0.696692699999403
sev2,101,none,0.5000000094511554,9.021914025769748,0.2296207482769574,True,True,0,0.00720102335491696,0.17363149922535587,False,3,0.6932582999997976
sev2,102,none,0.5000009135950896,11.977221383396952,-3.8625613554407625,True,True,0,0.00073861823369997,0.5150371979392907,False,3,0.7325113999995665
sev2,103,none,0.5000000326469873,11.225755239187436,-3.096942618259656,True,True,0,0.005882974188022232,0.15267070826049745,False,3,0.6905588999998145
sev2,104,none,0.5000006485733414,11.787074446068624,-2.757710241197021,True,True,0,0.0061380013823738415,0.006221781303189289,False,3,0.6929906000004848
sev2,105,none,0.5000004888278032,10.697988579838489,1.22752685581463,True,True,0,0.02111169059056137,0.28325494581547106,False,2,0.4671211000004405
sev2,106,none,0.5000005945777851,11.643362560423231,2.4732251408177337,True,False,1,0.00337192919741229,0.1257009833162619,False,3,0.6946567000013602
sev2,107,none,0.5000007440789666,11.549651080810854,-4.898323976737712,True,True,0,0.004714504798270324,0.04594793326144764,False,2,0.4955672999985836
sev2,108,none,0.5000004874701184,11.436865622152048,3.3750664634576246,True,True,0,0.003294493900028632,0.041341401541113765,False,3,0.7245132999996713
sev2,109,none,0.5000004261341903,10.906049362727742,4.885106054479975,True,True,0,0.0032031436623328924,0.024724001770550785,False,2,0.5476839000002656
sev2,110,none,0.5000004665393043,10.944525093974006,0.3957461341481538,True,True,0,0.004443048904009957,0.159678156648364,False,3,0.6763771999994788
sev2,111,none,0.5000006437862093,10.558914909506038,2.3072765137405518,True,True,0,0.0016212690557810766,0.1826647162424444,False,2,0.529475100000127
sev2,112,none,0.5000003709603963,9.613993143933453,-2.502985657522493,True,False,1,0.003318588783995227,0.08060647747876892,False,3,0.7009866000007605
sev2,113,none,0.5000008069433134,11.739811937496496,-3.3969037869264964,True,True,0,0.0015056444337459942,0.1608358094267066,False,2,0.5131329000014375
sev2,114,none,0.500000989236222,10.048315125915664,-0.5278588000444193,True,True,0,0.0034217779781583863,0.2360627325437885,False,3,0.6061896000010165
sev2,115,none,0.5000009826867344,10.467150754980494,0.9684165941628562,True,True,0,0.003831011207760861,0.024144684163697305,False,3,0.5929897999994864
sev2,116,none,0.5000002947217204,8.18100506175955,4.741696505738933,True,True,0,0.0012196476826721425,0.056677370509911285,False,2,0.4802168000005622
sev2,117,none,0.5000001424253064,10.59191941153425,-3.525901263971596,True,True,0,0.010668096328977536,0.05376530897201626,False,3,0.6901459000000614
sev2,118,none,0.5000008924239385,10.270895739131376,-3.550337803318349,True,True,0,0.0175959137325627,0.13392993831961109,False,3,0.6933745000005729
sev2,119,none,0.5000003568516116,10.25034925817558,1.8057442068317595,True,True,0,0.005791632173233221,0.13852770316739926,False,3,0.6221046999999089
sev2,0,anscombe,0.5000006718117646,11.01918820514138,3.617874859886305,True,True,0,0.0004770027104824794,0.14605716261390533,False,2,0.4879160000000411
sev2,1,anscombe,0.50000055636915,9.840447226670138,4.013322178278933,True,True,0,0.01377297143340673,0.04240591172190822,False,3,0.7456672999996954
sev2,2,anscombe,0.5000002293958908,11.953286520050575,0.95252424588098,True,True,0,0.009018023374344125,0.10320384411986128,False,3,0.652431999998953
sev2,3,anscombe,0.5000009679218238,10.64847672680716,-1.7381315976071288,True,True,0,0.022102482093990298,0.20614031239203,False,3,0.7312641000007716
sev2,4,anscombe,0.5000004892967661,10.254633436934594,-1.2517846217197883,True,True,0,0.001810445936364299,0.04001144578084248,False,3,0.753644999998869
sev2,5,anscombe,0.5000009828080382,11.266334970314253,-0.7803714623671665,True,True,0,0.006261669766343581,0.016439439866956285,False,3,0.7112106999993557
sev2,6,anscombe,0.5000009182740792,11.456154164820672,1.6907847544520551,False,False,-1,0.006475834080374266,0.4547167769522653,False,3,0.7579143999992084
sev2,7,anscombe,0.5000000159326445,8.42222016643601,-1.9761179503228528,True,True,0,0.002734816693985218,0.07961013967798802,False,3,0.701240799999141
sev2,8,anscombe,0.5000006830004774,9.059968944431038,-1.7823649476831704,True,True,0,0.0048712111585959336,0.16190696231598833,False,3,0.7293057000006229
sev2,9,anscombe,0.5000007804253722,9.836881560345862,-3.000741585857467,True,True,0,0.002832662546557678,0.05498650414337369,False,3,0.7163467999998829
sev2,10,anscombe,0.5000006198853496,11.839738267467917,2.996792109074722,True,True,0,0.012359201422040179,0.23927586842506798,False,3,0.6430356000000756
sev2,11,anscombe,0.5000001590778619,10.086461069423809,-1.7385288252476458,True,False,1,0.0027208824641237633,0.025403197252564347,False,3,0.6291646999998193
sev2,12,anscombe,0.500000115441633,11.20636759584626,-4.396668575347201,True,True,0,0.005396000227438206,0.0754673796523786,False,2,0.43833079999967595
sev2,13,anscombe,0.5000002213374062,11.01518990412643,0.692466116315237,True,True,0,0.00397878662374203,0.039990273816709165,False,2,0.45982159999948635
sev2,14,anscombe,0.5000005624258353,8.393712885628192,-3.709979529099251,False,False,-1,0.006770763668856406,0.0017755965998818013,False,3,0.7646667000008165
sev2,15,anscombe,0.500000609036238,9.186480950678092,4.200237358162884,True,True,0,0.009947562599101976,0.14450926816204301,False,3,0.6950314000005164
sev2,16,anscombe,0.5000000413244342,11.404461705408512,0.4939625579371673,True,True,0,0.012042160834911556,0.2578945804373775,False,3,0.7032717000001867
sev2,17,anscombe,0.5000009608090069,10.392609062743045,3.940365321229738,True,True,0,0.0006329378254934717,0.2268189487727854,False,3,0.7415833000013663
sev2,18,anscombe,0.5000001724315474,11.62505648967066,-4.973262644176288,True,False,1,0.0017928122842390969,0.028990734177129163,False,3,0.6975378999995883
sev2,19,anscombe,0.5000002239677895,10.45915290887286,-1.8603800118844904,False,False,-1,0.04175721769082754,0.20790416938596268,False,3,0.7434880000000703
sev2,20,anscombe,0.5000001070193071,11.434040773389782,4.711320080414684,True,True,0,0.003044092453885228,0.003116147915315004,False,3,0.6595254999992903
sev2,21,anscombe,0.5000000212028622,11.149456445970351,4.404778093257205,True,True,0,0.018354753101286387,0.2375938232546817,False,3,0.681702599998971
sev2,22,anscombe,0.5000009724667301,9.132077414617754,-0.9281539381866296,True,True,0,0.006450404254459,0.18330224181505284,False,2,0.580983699999706
sev2,23,anscombe,0.5000001138431608,8.094996683466317,-4.315710958915701,True,True,0,6.112656565021875e-05,0.07964298141591097,False,3,0.5936778000013874
sev2,24,anscombe,0.5000008159530983,8.018335176728373,-2.5830689933097157,True,False,2,0.0005491357159703054,0.05520494830929534,False,3,0.6413305999994918
sev2,25,anscombe,0.5000004583858179,8.696625905063835,-1.7121571623409635,True,True,0,0.002250863973302005,0.3435709276598773,False,2,0.4216164999998
sev2,26,anscombe,0.5000005660300978,10.992070956289952,0.0600624562766256,True,True,0,0.0033802482091354123,0.11579054627746671,False,2,0.512698200000159
sev2,27,anscombe,0.5000003864123292,8.565471089423895,0.999092139018023,True,True,0,0.014653241472746676,0.054820229018864075,False,3,0.6737656999994215
sev2,28,anscombe,0.5000006234614497,11.969666694865584,-2.545090450344536,False,False,-1,0.0002062931405646347,0.3302977521573567,False,3,0.7074972000009438
sev2,29,anscombe,0.5000000882956988,8.139266910071889,1.4005921163340034,True,True,0,0.010917491724486972,0.053067958832531126,False,3,0.7238468999985344
sev2,30,anscombe,0.5000003106746803,10.450458172653196,-2.9074446786802053,True,True,0,0.0216825718765704,0.08778456617915387,False,3,0.6880416000003606
sev2,31,anscombe,0.5000005075396906,9.168551350904025,2.3615097314229807,True,True,0,0.0005925025744506449,0.1254417539231909,False,3,0.7367157999997289
sev2,32,anscombe,0.5000006343955854,10.21840251626771,-1.2493374722453965,True,True,0,0.0204188929262634,0.33425466275586513,False,1,0.340974599999754
sev2,33,anscombe,0.5000009843302708,11.783276333626787,3.2856196397796893,True,False,1,0.005467858104748597,0.04955166227989949,False,2,0.5042775000001711
sev2,34,anscombe,0.500000595170717,11.658018297602094,-4.119276759935978,True,True,0,0.0043048169608378185,0.22824739756549395,False,3,0.6716010000000097
sev2,35,anscombe,0.5000003419968422,8.155849480897523,-0.1436424354357264,True,True,0,0.001220160716613934,0.02354183456679715,False,2,0.5924949999989622
sev2,36,anscombe,0.5000004428128061,9.9488979161732,3.4075259792492005,True,False,1,0.009337531866360067,0.008881885749537854,False,3,0.6811624999991182
sev2,37,anscombe,0.5000000662054528,8.680159257477875,-4.441703018949009,True,True,0,0.0048359363321061055,0.0861610260514114,False,3,0.7384718000012072
sev2,38,anscombe,0.5000008695912241,9.94301208437386,-4.931837950217498,True,True,0,0.008533828572924182,0.012433959781660953,False,3,0.7758327999999892
sev2,39,anscombe,0.500000884527276,8.878880891340412,0.9130916475001368,True,True,0,0.006994362808178892,0.322976329999653,False,3,0.6104656000006798
sev2,40,anscombe,0.5000004350928073,10.78797513784163,-2.0842254930897344,True,True,0,0.017044270981582534,0.20883729058784173,False,3,0.6558593999998266
sev2,41,anscombe,0.5000004499395815,10.2983449307585,-0.4042710285699744,True,True,0,0.0016693926547969454,0.056746871068502236,False,3,0.6897595999998885
sev2,42,anscombe,0.5000003002824592,10.293903408825685,-1.860851334134268,True,True,0,0.009998190104677916,0.20837549163574032,False,2,0.5408852000000479
sev2,43,anscombe,0.5000001672384671,10.862963795403587,-1.725584472033316,True,False,1,0.027980098871106307,0.0383475504668942,False,3,0.7538526999996975
sev2,44,anscombe,0.5000006091652711,8.519473221611234,-1.3880034902343272,True,True,0,0.0006504156967085009,0.19558864476693438,False,2,0.5566865000000689
sev2,45,anscombe,0.500000754045801,9.844762134832829,-4.983064091545701,True,True,0,0.006609394978419323,0.03879218154654218,False,3,0.6560344999998051
sev2,46,anscombe,0.5000001964540292,11.368600943690556,3.615171639264764,True,True,0,0.028746270346598643,0.19876377426602554,False,3,0.7620088999992731
sev2,47,anscombe,0.5000004768273002,11.506211488910024,4.916789620628176,False,False,-1,0.024820035583898333,0.02748228937098318,False,3,0.6909770000002027
sev2,48,anscombe,0.5000007003070258,8.37512411936845,2.1585753795185783,True,True,0,0.002873129808347832,0.02176450798037033,False,3,0.7348560000009456
sev2,49,anscombe,0.5000005983935056,8.740533185755675,4.387767434258741,True,False,2,0.012421115760134663,0.15169945675895136,False,3,0.6888772000002064
sev2,50,anscombe,0.500000696489405,11.748453725325636,-2.985527463630886,True,True,0,0.01328300519458464,0.25054051386890386,False,3,0.6582585999985895
sev2,51,anscombe,0.5000004847467051,10.47506136912715,0.9405969648595436,True,True,0,0.01585139875567523,0.18401483263856377,False,2,0.3984805000000051
sev2,52,anscombe,0.500000964994039,10.331219433540925,4.7958215952949175,True,True,0,0.017685481383359056,0.058280370954767236,False,3,0.6925704000004771
sev2,53,anscombe,0.5000007440786877,10.93623974985408,4.325826903565122,True,True,0,0.0021141443273275887,0.08975892606533176,False,3,0.5928358000001026
sev2,54,anscombe,0.5000007312940006,8.53263279250957,-1.925000358877369,True,True,0,0.0030921525052077367,0.036456538879051426,False,3,0.7021358999991207
sev2,55,anscombe,0.5000004945512114,11.203049958124703,2.5715119919880616,True,True,0,0.006345053100744802,0.1551041269893232,False,2,0.5207356000009895
sev2,56,anscombe,0.5000003156645837,10.870550223965424,1.55098533008461,True,True,0,0.0010501572643042425,0.20346117258313767,False,3,0.6862694999999803
sev2,57,anscombe,0.5000009840208013,11.722048297788684,-4.829123128061256,True,True,0,0.011265409005857157,0.08070692818926961,False,3,0.7540323000011995
sev2,58,anscombe,0.5000003811973409,10.319789530362096,-3.935904992512716,True,True,0,0.011743793311519734,0.04736117251439831,False,3,0.7029571000002761
sev2,59,anscombe,0.5000004478402298,8.772907831180234,4.021086179250744,True,True,0,0.0021530188945180716,0.14569797674885177,False,2,0.5181566999999632
sev2,60,anscombe,0.5000004637237416,11.642147626294442,-1.424341926596192,True,True,0,0.0029980170283675682,0.18827394909640227,False,3,0.7966085999996722
sev2,61,anscombe,0.5000006080227132,11.697412701975656,-2.9952775185885416,True,True,0,0.004403936967757001,0.06045057141229915,False,3,0.7132332000001043
sev2,62,anscombe,0.5000004078193155,10.548728942420569,4.221011828550596,True,True,0,0.0009752883035040818,0.375735923947091,False,3,0.7088008000009722
sev2,63,anscombe,0.5000009028046091,8.37613091834434,3.823590995377703,True,True,0,0.002629967500437812,0.05179720712418945,False,3,0.7073099000008369
sev2,64,anscombe,0.500000134331622,11.460124696296845,2.909538314311763,True,True,0,0.006820055376185848,0.14618977568907798,False,3,0.6106726999987586
sev2,65,anscombe,0.5000005521024454,8.247601566350966,-2.881688098212428,True,False,2,0.014020506952304421,0.006299895710535353,False,3,0.5988185000005615
sev2,66,anscombe,0.5000004719956506,9.64259096686393,0.9769860280641652,True,True,0,0.008667169724006645,0.03271411806500635,False,3,0.5693902999992133
sev2,67,anscombe,0.500000678944293,9.702980702542234,3.3220265483797533,False,False,-1,0.049556395326713444,0.2615655866215083,False,3,0.5581622999998217
sev2,68,anscombe,0.5000004048593238,11.961411449010726,-1.6531734487525696,True,True,0,0.004757210473514679,0.41710547125277975,False,3,0.7410729000002902
sev2,69,anscombe,0.5000004223941573,9.459041986201942,-2.697582141965792,True,True,0,0.017681063150504682,0.06634988053441804,False,2,0.5199202999992849
sev2,70,anscombe,0.5000001260729302,9.783478204773834,-0.2281126079364384,True,False,1,0.00023767164914551862,0.06092833793391483,False,3,0.6778472000005422
sev2,71,anscombe,0.5000002031970078,10.506746738561285,4.336931795082066,True,False,1,0.0033358878643861994,0.10086381758227603,False,2,0.5423286000004737
sev2,72,anscombe,0.500000551409929,8.440074353529738,-4.085720806388268,True,False,1,0.003583415976254285,0.1503471711115214,False,3,0.8350705000011658
sev2,73,anscombe,0.5000006142617281,9.902751836925589,-4.170235717776518,True,False,1,0.021739629081843456,0.11450762777567736,False,3,0.6356730999996216
sev2,74,anscombe,0.5000009118971918,9.724110734692225,3.663489285362191,True,True,0,0.008731519210266278,0.15617082713886044,False,2,0.553376699999717
sev2,75,anscombe,0.5000007543163499,11.33631390400419,-3.927927940102081,True,True,0,0.006775134957520273,0.3081400373977088,False,2,0.538808400000562
sev2,76,anscombe,0.5000001793846881,9.182797479897058,-2.584737156044156,True,True,0,0.0025011358136572946,0.06773868645437231,False,3,0.6662003000001278
sev2,77,anscombe,0.5000007190310809,11.951767227703176,1.3993637638456713,True,True,0,0.0017042439756683816,0.1632957863458815,False,3,0.7379390999994939
sev2,78,anscombe,0.5000006885575261,9.13521029297869,-3.6464058703059,True,True,0,0.004580156209245782,0.22999800530716152,False,2,0.5110321000011027
sev2,79,anscombe,0.5000007810468591,8.72540036164925,0.00422895965246,True,True,0,0.0007510613556003279,0.05149913034838111,False,3,0.6541671999984828
sev2,80,anscombe,0.5000002808876824,11.337061610115551,-2.7325636705104817,True,True,0,0.003960850057874579,0.08008782801195347,False,3,0.8140810999993846
sev2,81,anscombe,0.5000002982053035,9.167139794697253,0.5460555651204757,True,True,0,0.0010811647525351376,0.43459938511879337,False,3,0.6989970999984507
sev2,82,anscombe,0.5000004128674154,10.30799836509066,-0.6386440701719582,True,True,0,0.0028019672939144334,0.30562783982720065,False,3,0.7299910000001546
sev2,83,anscombe,0.5000005828504885,10.72257949166288,-2.060171364819614,True,True,0,0.005852083956210793,0.06444043267849331,False,2,0.5650476999999228
sev2,84,anscombe,0.5000004236172434,9.224771257408872,-3.1605800825636585,True,True,0,0.00424517464971141,0.1869440749378133,False,2,0.5118416999994224
sev2,85,anscombe,0.5000005933937803,11.459701015746282,3.110834175853899,True,True,0,0.0059480634931468965,0.22229035585558155,False,3,0.7657392000000982
sev2,86,anscombe,0.5000003818818591,11.555468104641974,-3.545146671068433,True,True,0,0.006620061248527046,0.05160108142925379,False,3,0.7406811000000744
sev2,87,anscombe,0.5000009090093612,8.40039798686499,4.328764838503158,True,True,0,0.0015143298900281142,0.01875931899831418,False,3,0.6981350000005477
sev2,88,anscombe,0.5000004403401154,10.241377607935314,3.087799379884805,True,True,0,0.007641418010995529,0.03681241761330245,False,3,0.7887916999989102
sev2,89,anscombe,0.5000005498253098,9.513324495627348,4.716622552350405,True,True,0,0.021949367906898228,0.04730947014980558,False,3,0.7183850000001257
sev2,90,anscombe,0.5000000323608202,8.707835680771193,4.093231098001722,True,True,0,0.026774428618204216,0.03138069949638567,False,3,0.7344944999986183
sev2,91,anscombe,0.5000008269560484,11.230405482958147,-3.81515602517847,True,True,0,0.014736115364961696,0.060232177323422675,False,1,0.3564777999999933
sev2,92,anscombe,0.500000168982826,9.431124844558225,0.5129865282442303,True,True,0,0.0010452794581037553,0.07060560675703142,False,3,0.6912558999993053
sev2,93,anscombe,0.5000009311435908,8.47433140173196,0.8039284311476038,True,True,0,0.0013849559583461945,0.33179247614802443,False,3,0.6738007000003563
sev2,94,anscombe,0.5000007030548418,9.855901087915411,3.975139064353279,True,True,0,0.0012310290785446485,0.09975086185138649,False,3,0.7174821999997221
sev2,95,anscombe,0.5000007191568951,10.116736149225272,1.8576481509879104,True,True,0,0.008784661664983423,0.27405601598664875,False,1,0.31332389999988663
sev2,96,anscombe,0.500000970011961,8.56775294184241,-4.977493512719207,True,True,0,0.0006064688218741292,0.03322160272004737,False,2,0.4944156000001385
sev2,97,anscombe,0.5000006141740446,9.135688906848014,4.846717542851343,True,False,1,0.019427650849144322,0.09755436714781585,False,3,0.7380347999987862
sev2,98,anscombe,0.5000002970953331,10.518595304948464,2.187117963820304,True,True,0,0.003842879039891005,0.465357878678224,False,3,0.6673233999990771
sev2,99,anscombe,0.5000000695647061,10.141004262032988,0.1346200503181815,True,True,0,0.016567662136873693,0.19034814031902278,False,1,0.3115799999995943
sev2,100,anscombe,0.5000008320083293,10.020925724154289,3.2315746042717617,True,True,0,0.015579923778322284,0.004493373228028119,False,3,0.6516687000003003
sev2,101,anscombe,0.5000000094511554,9.021914025769748,0.2296207482769574,True,True,0,0.003973219891873188,0.062436478274433826,False,3,0.7028093999997509
sev2,102,anscombe,0.5000009135950896,11.977221383396952,-3.8625613554407625,True,True,0,0.00073861823369997,0.5150371979392907,False,3,0.6152985999997327
sev2,103,anscombe,0.5000000326469873,11.225755239187436,-3.096942618259656,True,True,0,0.005882974188022232,0.04121452825881544,False,3,0.6688893999998982
sev2,104,anscombe,0.5000006485733414,11.787074446068624,-2.757710241197021,True,True,0,0.0056865272623620585,0.006221781303189289,False,3,0.6510164999999688
sev2,105,anscombe,0.5000004888278032,10.697988579838489,1.22752685581463,True,True,0,0.02111169059056137,0.3521386533127373,False,2,0.4334541000007448
sev2,106,anscombe,0.5000005945777851,11.643362560423231,2.4732251408177337,True,False,1,0.004850963006154928,0.1257009833162619,False,3,0.6886221000004298
sev2,107,anscombe,0.5000007440789666,11.549651080810854,-4.898323976737712,True,True,0,0.004714504798270171,0.011506079512813905,False,2,0.46506529999896884
sev2,108,anscombe,0.5000004874701184,11.436865622152048,3.3750664634576246,True,True,0,0.00036000977969263907,0.09706949154195499,False,3,0.623794999999518
sev2,109,anscombe,0.5000004261341903,10.906049362727742,4.885106054479975,True,True,0,0.0032031436623328924,0.024724001770550785,False,2,0.5282415000001492
sev2,110,anscombe,0.5000004665393043,10.944525093974006,0.3957461341481538,True,False,1,0.004443048904009957,0.2711343366500465,False,3,0.7588376000003336
sev2,111,anscombe,0.5000006437862093,10.558914909506038,2.3072765137405518,True,True,0,0.0016212690557810766,0.1826647162424444,False,2,0.5219832999991922
sev2,112,anscombe,0.5000003709603963,9.613993143933453,-2.502985657522493,True,True,0,0.003318588783995227,0.08060647747876892,False,3,0.7078553999999713
sev2,113,anscombe,0.5000008069433134,11.739811937496496,-3.3969037869264964,True,True,0,0.0015056444337459942,0.1608358094267066,False,3,0.737191600001097
sev2,114,anscombe,0.500000989236222,10.048315125915664,-0.5278588000444193,True,True,0,0.010681603726160014,0.34751891254547085,False,3,0.6370366999999533
sev2,115,anscombe,0.5000009826867344,10.467150754980494,0.9684165941628562,True,True,0,0.003831011207760861,0.024144684163697305,False,3,0.6836313999992853
sev2,116,anscombe,0.5000002947217204,8.18100506175955,4.741696505738933,True,True,0,0.0012196476826721425,0.056677370509911285,False,2,0.49884620000011637
sev2,117,anscombe,0.5000001424253064,10.59191941153425,-3.525901263971596,True,True,0,0.010668096328977536,0.12657457852693232,False,3,0.6525937999995222
sev2,118,anscombe,0.5000008924239385,10.270895739131376,-3.550337803318349,True,True,0,0.01655967323354226,0.022473758317928638,False,3,0.6569495999992796
sev2,119,anscombe,0.5000003568516116,10.25034925817558,1.8057442068317595,True,True,0,0.005791632173233221,0.13852770316739926,False,3,0.5091380000012578
sev2,0,gat,0.5000006718117646,11.01918820514138,3.617874859886305,True,True,0,0.0004770027104824794,0.14605716261390533,False,2,0.6417442000001756
sev2,1,gat,0.50000055636915,9.840447226670138,4.013322178278933,True,True,0,0.01377297143340673,0.04240591172190822,False,3,0.8627703999991354
sev2,2,gat,0.5000002293958908,11.953286520050575,0.95252424588098,True,True,0,0.009018023374344125,0.10320384411986128,False,3,0.786656899999798
sev2,3,gat,0.5000009679218238,10.64847672680716,-1.7381315976071288,True,True,0,0.022102482093990298,0.20614031239203,False,3,0.8133283999995911
sev2,4,gat,0.5000004892967661,10.254633436934594,-1.2517846217197883,True,True,0,0.001810445936364299,0.04001144578084248,False,3,1.0243571999999403
sev2,5,gat,0.5000009828080382,11.266334970314253,-0.7803714623671665,True,True,0,0.006261669766343581,0.016439439866956285,False,3,0.7884401999999682
sev2,6,gat,0.5000009182740792,11.456154164820672,1.6907847544520551,False,False,-1,0.006475834080374266,0.4547167769522653,False,3,0.7260108000009495
sev2,7,gat,0.5000000159326445,8.42222016643601,-1.9761179503228528,True,True,0,0.002734816693985218,0.07961013967798802,False,3,0.764052399999855
sev2,8,gat,0.5000006830004774,9.059968944431038,-1.7823649476831704,True,True,0,0.0048712111585959336,0.16190696231598833,False,3,1.017171600000438
sev2,9,gat,0.5000007804253722,9.836881560345862,-3.000741585857467,True,True,0,0.002832662546557678,0.05498650414337369,False,3,0.7713872999993328
sev2,10,gat,0.5000006198853496,11.839738267467917,2.996792109074722,True,True,0,0.012359201422040179,0.23927586842506798,False,3,0.7382574000002933
sev2,11,gat,0.5000001590778619,10.086461069423809,-1.7385288252476458,True,False,1,0.0027208824641237633,0.025403197252564347,False,3,0.7562631000000692
sev2,12,gat,0.500000115441633,11.20636759584626,-4.396668575347201,True,True,0,0.005396000227438206,0.0754673796523786,False,2,0.5374926999993477
sev2,13,gat,0.5000002213374062,11.01518990412643,0.692466116315237,True,True,0,0.00397878662374203,0.039990273816709165,False,2,0.5849079999989044
sev2,14,gat,0.5000005624258353,8.393712885628192,-3.709979529099251,False,False,-1,0.006770763668856406,0.0017755965998818013,False,3,0.7857037000012497
sev2,15,gat,0.500000609036238,9.186480950678092,4.200237358162884,True,True,0,0.009947562599101976,0.14450926816204301,False,3,0.7544240000006539
sev2,16,gat,0.5000000413244342,11.404461705408512,0.4939625579371673,True,True,0,0.012042160834911556,0.2578945804373775,False,3,0.8054812000009406
sev2,17,gat,0.5000009608090069,10.392609062743045,3.940365321229738,True,True,0,0.0006329378254934717,0.2268189487727854,False,3,0.7614988999994239
sev2,18,gat,0.5000001724315474,11.62505648967066,-4.973262644176288,True,False,1,0.0017928122842390969,0.028990734177129163,False,3,0.743790500000614
sev2,19,gat,0.5000002239677895,10.45915290887286,-1.8603800118844904,False,False,-1,0.04175721769082754,0.19534807811635035,False,3,0.7175878999987617
sev2,20,gat,0.5000001070193071,11.434040773389782,4.711320080414684,True,True,0,0.003044092453885228,0.2329518295844748,False,3,0.8498368999989907
sev2,21,gat,0.5000000212028622,11.149456445970351,4.404778093257205,True,True,0,0.02085389242125681,0.12308595174321546,False,3,0.8441952000011952
sev2,22,gat,0.5000009724667301,9.132077414617754,-0.9281539381866296,True,True,0,0.006450404254459,0.18330224181505284,False,2,0.7160358000000997
sev2,23,gat,0.5000001138431608,8.094996683466317,-4.315710958915701,True,True,0,6.112656565021875e-05,0.07964298141591097,False,3,0.9324758000002475
sev2,24,gat,0.5000008159530983,8.018335176728373,-2.5830689933097157,True,False,2,0.0005491357159703054,0.05520494830929534,False,3,1.0312892000001739
sev2,25,gat,0.5000004583858179,8.696625905063835,-1.7121571623409635,True,True,0,0.002250863973302005,0.3435709276598773,False,2,0.685976999999184
sev2,26,gat,0.5000005660300978,10.992070956289952,0.0600624562766256,True,True,0,0.004822932438809289,0.11579054627746671,False,2,0.6999421000000439
sev2,27,gat,0.5000003864123292,8.565471089423895,0.999092139018023,True,True,0,0.014653241472746676,0.054820229018864075,False,3,0.9669845999997051
sev2,28,gat,0.5000006234614497,11.969666694865584,-2.545090450344536,False,False,-1,0.0002062931405646347,0.3302977521573567,False,3,0.9540331000007427
sev2,29,gat,0.5000000882956988,8.139266910071889,1.4005921163340034,True,True,0,0.010917491724486972,0.053067958832531126,False,3,0.917135399999097
sev2,30,gat,0.5000003106746803,10.450458172653196,-2.9074446786802053,True,True,0,0.0216825718765704,0.08778456617915387,False,3,0.9506890000011481
sev2,31,gat,0.5000005075396906,9.168551350904025,2.3615097314229807,True,True,0,0.0005925025744506449,0.1254417539231909,False,3,0.9418985000011162
sev2,32,gat,0.5000006343955854,10.21840251626771,-1.2493374722453965,True,True,0,0.0204188929262634,0.33425466275586513,False,1,0.4364100000002509
sev2,33,gat,0.5000009843302708,11.783276333626787,3.2856196397796893,True,False,1,0.005467858104748597,0.04955166227989949,False,2,0.683145400000285
sev2,34,gat,0.500000595170717,11.658018297602094,-4.119276759935978,True,True,0,0.0043048169608378185,0.22824739756549395,False,3,0.959452400000373
sev2,35,gat,0.5000003419968422,8.155849480897523,-0.1436424354357264,True,True,0,0.001220160716613934,0.02354183456679715,False,2,0.7326114999996207
sev2,36,gat,0.5000004428128061,9.9488979161732,3.4075259792492005,True,False,1,0.009337531866360067,0.008881885749537854,False,3,0.9606855000001815
sev2,37,gat,0.5000000662054528,8.680159257477875,-4.441703018949009,True,True,0,0.0048359363321061055,0.0861610260514114,False,3,1.0021864999998797
sev2,38,gat,0.5000008695912241,9.94301208437386,-4.931837950217498,True,True,0,0.008533828572924182,0.012433959781660953,False,3,0.9865280999983952
sev2,39,gat,0.500000884527276,8.878880891340412,0.9130916475001368,True,True,0,0.006994362808178892,0.322976329999653,False,3,0.9599896999989141
sev2,40,gat,0.5000004350928073,10.78797513784163,-2.0842254930897344,True,True,0,0.017044270981582534,0.1399535830905756,False,3,0.9366609999997308
sev2,41,gat,0.5000004499395815,10.2983449307585,-0.4042710285699744,True,True,0,0.0016693926547969454,0.012136836428763897,False,3,0.9604928999997355
sev2,42,gat,0.5000003002824592,10.293903408825685,-1.860851334134268,True,True,0,0.009998190104677916,0.20837549163574032,False,2,0.69892179999988
sev2,43,gat,0.5000001672384671,10.862963795403587,-1.725584472033316,True,False,1,0.027980098871106307,0.0383475504668942,False,3,0.9518081999995047
sev2,44,gat,0.5000006091652711,8.519473221611234,-1.3880034902343272,True,True,0,0.0006504156967085009,0.19558864476693438,False,2,0.7122593999993114
sev2,45,gat,0.500000754045801,9.844762134832829,-4.983064091545701,True,True,0,0.006609394978419323,0.03879218154654218,False,3,0.92346279999947
sev2,46,gat,0.5000001964540292,11.368600943690556,3.615171639264764,True,True,0,0.028746270346598643,0.19876377426602554,False,3,0.9480031999992207
sev2,47,gat,0.5000004768273002,11.506211488910024,4.916789620628176,True,True,0,0.024820035583898333,0.02748228937098318,False,3,0.9522719999986293
sev2,48,gat,0.5000007003070258,8.37512411936845,2.1585753795185783,True,True,0,0.002873129808347832,0.02176450798037033,False,3,0.9133602000001702
sev2,49,gat,0.5000005983935056,8.740533185755675,4.387767434258741,True,False,2,0.012421115760134663,0.15169945675895136,False,3,0.7562534999997297
sev2,50,gat,0.500000696489405,11.748453725325636,-2.985527463630886,True,True,0,0.01328300519458464,0.25054051386890386,False,3,0.7129740999989735
sev2,51,gat,0.5000004847467051,10.47506136912715,0.9405969648595436,True,True,0,0.01585139875567523,0.18401483263856377,False,2,0.5513309999987541
sev2,52,gat,0.500000964994039,10.331219433540925,4.7958215952949175,True,True,0,0.017685481383359056,0.058280370954767236,False,3,0.8897833000009996
sev2,53,gat,0.5000007440786877,10.93623974985408,4.325826903565122,True,True,0,0.0021141443273275887,0.08975892606533176,False,3,1.0243698000012955
sev2,54,gat,0.5000007312940006,8.53263279250957,-1.925000358877369,True,True,0,0.0030921525052077367,0.036456538879051426,False,3,1.0950158999985433
sev2,55,gat,0.5000004945512114,11.203049958124703,2.5715119919880616,True,True,0,0.006345053100744802,0.1551041269893232,False,2,0.789922399999341
sev2,56,gat,0.5000003156645837,10.870550223965424,1.55098533008461,True,True,0,0.0010501572643042425,0.20346117258313767,False,3,1.0483870999996725
sev2,57,gat,0.5000009840208013,11.722048297788684,-4.829123128061256,True,True,0,0.011265409005857157,0.08070692818926961,False,3,0.9983874000008655
sev2,58,gat,0.5000003811973409,10.319789530362096,-3.935904992512716,True,True,0,0.011743793311519734,0.04736117251439831,False,3,0.7301689000014449
sev2,59,gat,0.5000004478402298,8.772907831180234,4.021086179250744,True,True,0,0.0021530188945180716,0.14569797674885177,False,2,0.5173551000007137
sev2,60,gat,0.5000004637237416,11.642147626294442,-1.424341926596192,True,True,0,0.0029980170283675682,0.18827394909640227,False,3,0.7609905000008439
sev2,61,gat,0.5000006080227132,11.697412701975656,-2.9952775185885416,True,True,0,0.004403936967757001,0.06045057141229915,False,3,0.7834756000011112
sev2,62,gat,0.5000004078193155,10.548728942420569,4.221011828550596,True,True,0,0.0009752883035040818,0.3324680085522784,False,3,0.9775070999985473
sev2,63,gat,0.5000009028046091,8.37613091834434,3.823590995377703,True,True,0,0.002629967500437812,0.05179720712418945,False,3,1.0945675000002666
sev2,64,gat,0.500000134331622,11.460124696296845,2.909538314311763,True,True,0,0.006820055376185848,0.14618977568907798,False,3,1.0434142999984033
sev2,65,gat,0.5000005521024454,8.247601566350966,-2.881688098212428,True,False,2,0.014020506952304421,0.006299895710535353,False,3,1.0624779999998282
sev2,66,gat,0.5000004719956506,9.64259096686393,0.9769860280641652,True,True,0,0.008667169724006645,0.07874206193667599,False,3,0.9740230999996129
sev2,67,gat,0.500000678944293,9.702980702542234,3.3220265483797533,False,False,-1,0.049556395326713444,0.2615655866215083,False,3,0.7545964000000822
sev2,68,gat,0.5000004048593238,11.961411449010726,-1.6531734487525696,True,True,0,0.004757210473514679,0.41710547125277975,False,3,0.7409062000006088
sev2,69,gat,0.5000004223941573,9.459041986201942,-2.697582141965792,True,True,0,0.017681063150504682,0.06634988053441804,False,2,0.5594851000005292
sev2,70,gat,0.5000001260729302,9.783478204773834,-0.2281126079364384,True,False,1,0.00023767164914551862,0.06092833793391483,False,3,0.825942400000713
sev2,71,gat,0.5000002031970078,10.506746738561285,4.336931795082066,True,False,1,0.0033358878643861994,0.10086381758227603,False,2,0.7123707000009745
sev2,72,gat,0.500000551409929,8.440074353529738,-4.085720806388268,True,False,1,0.003583415976254285,0.1503471711115214,False,3,1.101431799999773
sev2,73,gat,0.5000006142617281,9.902751836925589,-4.170235717776518,True,False,1,0.021739629081843456,0.11450762777567736,False,3,1.0403351999993902
sev2,74,gat,0.5000009118971918,9.724110734692225,3.663489285362191,True,True,0,0.008731519210266278,0.15617082713886044,False,2,0.8913961999987805
sev2,75,gat,0.5000007543163499,11.33631390400419,-3.927927940102081,True,True,0,0.006775134957520273,0.3081400373977088,False,2,0.7491365000005317
sev2,76,gat,0.5000001793846881,9.182797479897058,-2.584737156044156,True,True,0,0.0025011358136572946,0.06773868645437231,False,3,0.9729192999984662
sev2,77,gat,0.5000007190310809,11.951767227703176,1.3993637638456713,True,True,0,0.0017042439756683816,0.1632957863458815,False,3,0.7944318999998359
sev2,78,gat,0.5000006885575261,9.13521029297869,-3.6464058703059,True,True,0,0.004580156209245782,0.22999800530716152,False,2,0.5418789999985165
sev2,79,gat,0.5000007810468591,8.72540036164925,0.00422895965246,True,True,0,0.0007510613556003279,0.05149913034838111,False,3,0.7389609000001656
sev2,80,gat,0.5000002808876824,11.337061610115551,-2.7325636705104817,True,True,0,0.003960850057874579,0.08008782801195347,False,3,0.8438552000006894
sev2,81,gat,0.5000002982053035,9.167139794697253,0.5460555651204757,True,True,0,0.0010811647525351376,0.43459938511879337,False,3,1.070133100000021
sev2,82,gat,0.5000004128674154,10.30799836509066,-0.6386440701719582,True,True,0,0.0028019672939144334,0.30562783982720065,False,3,0.9962613000006968
sev2,83,gat,0.5000005828504885,10.72257949166288,-2.060171364819614,True,True,0,0.005852083956210793,0.06444043267849331,False,2,0.8130156000006536
sev2,84,gat,0.5000004236172434,9.224771257408872,-3.1605800825636585,True,True,0,0.00424517464971141,0.1869440749378133,False,2,0.909868999999162
sev2,85,gat,0.5000005933937803,11.459701015746282,3.110834175853899,True,True,0,0.0059480634931468965,0.22229035585558155,False,3,1.1278616999989026
sev2,86,gat,0.5000003818818591,11.555468104641974,-3.545146671068433,True,True,0,0.006620061248527046,0.05160108142925379,False,3,0.876935100000992
sev2,87,gat,0.5000009090093612,8.40039798686499,4.328764838503158,True,True,0,0.0015143298900281142,0.01875931899831418,False,3,0.7324599999992643
sev2,88,gat,0.5000004403401154,10.241377607935314,3.087799379884805,True,True,0,0.007641418010995529,0.03681241761330245,False,3,0.7267525000006572
sev2,89,gat,0.5000005498253098,9.513324495627348,4.716622552350405,True,True,0,0.021949367906898228,0.008418619851035203,False,3,0.8106716000002052
sev2,90,gat,0.5000000323608202,8.707835680771193,4.093231098001722,True,True,0,0.026774428618204216,0.03138069949638567,False,3,0.9333826999991288
sev2,91,gat,0.5000008269560484,11.230405482958147,-3.81515602517847,True,True,0,0.014736115364961696,0.060232177323422675,False,1,0.442524099998991
sev2,92,gat,0.500000168982826,9.431124844558225,0.5129865282442303,True,True,0,0.0010452794581037553,0.07060560675703142,False,3,1.1076663999992888
sev2,93,gat,0.5000009311435908,8.47433140173196,0.8039284311476038,True,True,0,0.0013849559583461945,0.33179247614802443,False,3,1.0818646999996417
sev2,94,gat,0.5000007030548418,9.855901087915411,3.975139064353279,True,True,0,0.0012310290785446485,0.09975086185138649,False,3,1.0553116999999475
sev2,95,gat,0.5000007191568951,10.116736149225272,1.8576481509879104,True,True,0,0.008784661664983423,0.27405601598664875,False,1,0.4992424000010942
sev2,96,gat,0.500000970011961,8.56775294184241,-4.977493512719207,True,True,0,0.0006064688218741292,0.03322160272004737,False,2,0.6800397000006342
sev2,97,gat,0.5000006141740446,9.135688906848014,4.846717542851343,True,False,1,0.019427650849144322,0.09755436714781585,False,3,0.881494000001112
sev2,98,gat,0.5000002970953331,10.518595304948464,2.187117963820304,True,True,0,0.003842879039891005,0.465357878678224,False,3,0.9011237000013352
sev2,99,gat,0.5000000695647061,10.141004262032988,0.1346200503181815,True,True,0,0.006626530147312046,0.1903481403190226,False,1,0.4048086000002513
sev2,100,gat,0.5000008320083293,10.020925724154289,3.2315746042717617,True,True,0,0.015579923778322284,0.004493373228028119,False,3,0.8957186999996338
sev2,101,gat,0.5000000094511554,9.021914025769748,0.2296207482769574,True,True,0,0.003973219891873188,0.062436478274433826,False,3,0.9856682999998156
sev2,102,gat,0.5000009135950896,11.977221383396952,-3.8625613554407625,True,True,0,0.00073861823369997,0.5150371979392907,False,3,1.023002900001302
sev2,103,gat,0.5000000326469873,11.225755239187436,-3.096942618259656,True,True,0,0.005882974188022232,0.04121452825881544,False,3,1.0149246999990282
sev2,104,gat,0.5000006485733414,11.787074446068624,-2.757710241197021,True,True,0,0.0056865272623620585,0.006221781303189289,False,3,1.0028180999997858
sev2,105,gat,0.5000004888278032,10.697988579838489,1.22752685581463,True,True,0,0.02111169059056137,0.3521386533127373,False,2,0.7276488000006793
sev2,106,gat,0.5000005945777851,11.643362560423231,2.4732251408177337,True,False,1,0.004850963006154928,0.1257009833162619,False,3,0.9669759999997041
sev2,107,gat,0.5000007440789666,11.549651080810854,-4.898323976737712,True,True,0,0.004714504798270171,0.011506079512813905,False,2,0.7024569000004703
sev2,108,gat,0.5000004874701184,11.436865622152048,3.3750664634576246,True,True,0,0.00036000977969263907,0.09706949154195499,False,3,0.9835478999993938
sev2,109,gat,0.5000004261341903,10.906049362727742,4.885106054479975,True,True,0,0.0032031436623328924,0.024724001770550785,False,2,0.6743483000009292
sev2,110,gat,0.5000004665393043,10.944525093974006,0.3957461341481538,True,False,1,0.004443048904009957,0.2711343366500465,False,3,1.0624597999994876
sev2,111,gat,0.5000006437862093,10.558914909506038,2.3072765137405518,True,True,0,0.0016212690557810766,0.1826647162424444,False,2,0.748894600001222
sev2,112,gat,0.5000003709603963,9.613993143933453,-2.502985657522493,True,True,0,0.003318588783995227,0.08060647747876892,False,3,1.0546508000006725
sev2,113,gat,0.5000008069433134,11.739811937496496,-3.3969037869264964,True,True,0,0.0015056444337459942,0.1608358094267066,False,3,1.0707174999988638
sev2,114,gat,0.500000989236222,10.048315125915664,-0.5278588000444193,True,True,0,0.010681603726160014,0.34751891254547085,False,3,1.0834491000005073
sev2,115,gat,0.5000009826867344,10.467150754980494,0.9684165941628562,True,True,0,0.003831011207760861,0.024144684163697305,False,3,0.9645984999988286
sev2,116,gat,0.5000002947217204,8.18100506175955,4.741696505738933,True,True,0,0.0012196476826721425,0.056677370509911285,False,2,0.7412124000002223
sev2,117,gat,0.5000001424253064,10.59191941153425,-3.525901263971596,True,True,0,0.010668096328977536,0.12657457852693232,False,3,0.9625575999998546
sev2,118,gat,0.5000008924239385,10.270895739131376,-3.550337803318349,True,True,0,0.01655967323354226,0.022473758317928638,False,3,0.9762565000000905
sev2,119,gat,0.5000003568516116,10.25034925817558,1.8057442068317595,True,True,0,0.005791632173233221,0.13852770316739926,False,3,0.9613358000005974
sev3,0,none,0.7500004227625668,9.684941232496328,-1.114190525880657,True,True,0,0.009785427342487453,0.12187745161913277,False,3,0.6133343000001332
sev3,1,none,0.7500005816860961,9.542121810794695,1.5246636172351025,True,True,0,0.002954247373219952,0.05892851776615915,False,3,0.6311490000007325
sev3,2,none,0.7500005853309083,10.674876919703914,-4.3973818686072885,False,False,-1,0.03296786515441313,0.019025996391449418,False,1,0.2796537000012904
sev3,3,none,0.7500002119350786,9.237660635252489,4.257095293122376,False,False,-1,0.05208963983118145,0.08991102311985255,False,3,0.6321671000005153
sev3,4,none,0.7500007367020672,10.840218975417912,2.9978444880524915,True,True,0,0.003851124772189739,0.12245628555059884,False,3,0.5766213000006246
sev3,5,none,0.750000926760135,9.411629919801651,-0.0001494576329585,True,True,0,0.00311881003328069,0.055578632367882616,False,3,0.5994926000003034
sev3,6,none,0.7500005310520411,10.49549918650154,-2.107654027989509,True,False,1,0.008706765752633903,0.05192593798866829,False,3,0.5648280000004888
sev3,7,none,0.7500000075754183,8.916261030802165,2.1216080527418137,True,True,0,0.0038463453945082977,0.2330642327434962,False,3,0.5899816999990435
sev3,8,none,0.7500009612322215,11.093230621980933,-0.2883589426560231,True,True,0,0.00504418577872279,0.05229096515623327,False,3,0.6295896999999968
sev3,9,none,0.7500004374923511,9.23870016987154,-1.42227148050842,True,True,0,0.006672928616922121,0.07474732300694775,False,2,0.45494700000017474
sev3,10,none,0.7500004792771552,11.601901306473565,-2.3735461212688893,False,False,-1,0.03311238915744526,0.0260219637674175,False,3,0.6137904000006529
sev3,11,none,0.7500006944062672,9.1161579303728,1.0041152275342569,True,True,0,0.019215872090599388,0.051612862466584364,False,3,0.5984067999997933
sev3,12,none,0.7500007488781861,8.64986849722861,-0.5110697353208291,True,True,0,0.006363857544688732,0.14140610717769875,False,3,0.6209641999994346
sev3,13,none,0.7500005491783535,9.46019617844404,-3.7990507542701337,True,True,0,0.006449045999556978,0.03511873176992353,False,3,0.6094314000001759
sev3,14,none,0.7500001610825915,10.190344586686042,-4.347424054461055,True,True,0,0.001304529346197829,0.180439990539365,False,3,0.5482590999999957
sev3,15,none,0.7500003496851955,9.590445180386002,3.269361727114948,True,True,0,0.019885184201725286,0.39397352461305557,False,1,0.2802573000008124
sev3,16,none,0.7500001364743214,8.231165595036767,-1.7088692071323566,True,True,0,0.006072937515423127,0.055062815367853624,False,3,0.7393871000003855
sev3,17,none,0.750000681738428,10.972890089127022,2.868741550776579,True,False,1,0.015766852963808316,0.24271462922510345,False,3,0.675617400000192
sev3,18,none,0.7500002212355504,9.685246603764275,2.1272387900566514,True,True,0,0.005501211759901094,0.18296688005749262,False,3,0.7904576000000816
sev3,19,none,0.7500000108352824,10.37066773784032,-3.0936776042940983,True,False,1,0.0054367998965767295,0.1494056942949391,False,2,0.5298306999993656
sev3,20,none,0.7500003666891567,10.769933847412588,-2.675162221626657,True,True,0,0.0005572759310698818,0.07841446912896988,False,3,0.7382109999998647
sev3,21,none,0.7500008146511637,10.993040045834364,-1.4648628330466118,True,True,0,0.023375887585522812,0.048454968047873415,False,2,0.6005862999991223
sev3,22,none,0.7500003834903016,9.40086528672237,-2.4140801222567667,True,False,1,0.009770195566694095,0.058055832742812896,False,3,0.7315191999987292
sev3,23,none,0.7500000742366324,11.809538494882172,2.886322013079789,True,True,0,0.00849242003926028,0.057949896919370136,False,3,0.7770723000012367
sev3,24,none,0.7500003347429333,11.245736846224547,1.337907395116674,True,True,0,0.008397235220440944,0.3936354851175151,False,3,0.7909424999998009
sev3,25,none,0.7500003957301147,8.336360241097506,0.6469247981177118,True,True,0,0.0021282339821055616,0.41085682061792195,False,3,0.721689799998785
sev3,26,none,0.7500002621074976,11.285853085239236,2.8511911231304907,False,False,-1,0.005645752231436682,0.3159931468720325,False,3,0.5961509999997361
sev3,27,none,0.7500008745092492,11.42792449762451,2.5949831974877746,True,True,0,0.00996432640938354,0.3589152199879848,False,2,0.465865300000587
sev3,28,none,0.7500006524369022,8.567572006396798,4.198080740356442,True,True,0,0.000998534008872521,0.07346894285833461,False,2,0.3048249000003125
sev3,29,none,0.7500007844968194,9.84111910794314,2.285207900563954,True,True,0,0.006093428797159114,0.22947981056311262,False,3,0.33743479999975534
sev3,30,none,0.7500001591032349,9.859537051583787,-0.937887832310648,True,False,1,0.005434525856590465,0.2981801451891418,False,3,0.3758495000001858
sev3,31,none,0.7500009420013732,9.071092685324777,0.2781683349880657,True,True,0,0.009373149495268624,0.08251144000983124,False,3,0.3448987000010675
sev3,32,none,0.7500008477881384,8.451766350598831,-1.0303336510040095,True,True,0,0.016889884351070614,0.3171905064974627,False,2,0.25613700000030803
sev3,33,none,0.7500003472200077,9.805945392167644,-3.360675203112363,True,True,0,0.003154784772963811,0.05573266188637538,False,2,0.26797420000002603
sev3,34,none,0.7500007199700043,11.353595079327834,0.4375120165801824,True,True,0,0.005443122763795238,0.2014440390803926,False,2,0.2551433000007819
sev3,35,none,0.7500002366192942,10.763884118754602,-3.7287178961699095,True,True,0,0.020641606347105036,0.13197014367222248,False,3,0.3129138000003877
sev3,36,none,0.7500007332780612,11.339246964728936,3.933524791636064,False,False,-1,0.002538706856857584,0.23365947836645917,False,3,0.3520509999998467
sev3,37,none,0.7500009066276381,9.951685697954844,2.2706540092573224,True,True,0,0.012936168302234619,0.14575385574141597,False,2,0.25313289999940025
sev3,38,none,0.7500005261204732,8.73927985632325,-3.032159721099412,False,False,-1,0.01584418816242446,0.07929645890227066,False,2,0.2447351000009803
sev3,39,none,0.7500007715227149,11.013419300030712,-3.906667576490058,True,True,0,0.009498838268955314,0.3230754414887964,False,2,0.25298470000052475
sev3,40,none,0.7500009712200244,11.907649661176151,2.536870724307951,True,True,0,0.010176244362785873,0.7040549943104746,False,3,0.34835349999957543
sev3,41,none,0.75000098634126,8.735180937278272,4.311272410833917,False,False,-1,0.00010154800775010576,0.9637482533324451,False,2,0.24387789999855158
sev3,42,none,0.7500008863166753,9.619140963272573,-3.061923049971713,True,False,2,0.018521192103094747,0.47833091497045155,False,3,0.3309668999991118
sev3,43,none,0.7500003745115065,9.261143789708033,-3.028174007556613,True,True,0,0.024286869192303936,0.09643778994149432,False,3,0.34185550000074727
sev3,44,none,0.7500007253168588,9.112609997654614,4.630371268183065,True,True,0,0.000933654727583079,0.21396340318432738,False,2,0.3038445000001957
sev3,45,none,0.7500001332975406,8.645603571649035,-1.3549820848357887,True,True,0,0.0015773983026067507,0.2992539948349475,False,2,0.23910799999976007
sev3,46,none,0.7500005146733165,11.082268664764198,-4.482563792618949,False,False,-1,0.04063271403497187,4.426835702618108,False,3,0.3228874000014912
sev3,47,none,0.7500001654024379,10.571555595352615,-0.1126378616840542,True,True,0,0.0014496867452024505,0.30377000331468407,False,3,0.34893389999888313
sev3,48,none,0.7500007575384255,8.075393928093177,1.3311612073007204,True,True,0,0.007611010204610553,0.3868892973015615,False,2,0.2232374000013806
sev3,49,none,0.7500007788745711,11.723196307424068,-0.599149607335546,True,True,0,0.00420927682342486,0.3073535398349152,False,3,0.35347010000077717
sev3,50,none,0.750000494372231,9.052822402038707,-2.75593644498501,True,True,0,0.008742423710154164,0.5358596225156207,False,3,0.33104629999979807
sev3,51,none,0.7500005884746493,10.416886033140443,4.542992983704732,True,True,0,0.0016990773403600553,0.22093903879547838,False,3,0.34007089999977325
sev3,52,none,0.75000083048681,8.361908405104804,-2.440880584614704,True,True,0,0.006325279848505469,0.09335642711323233,False,3,0.3742101999996521
sev3,53,none,0.7500000390117848,9.480300218711909,-2.380788897390531,True,True,0,0.0222232188910332,0.3831431251096791,False,3,0.34772090000114986
sev3,54,none,0.7500005614983419,10.137516773469772,3.143688774432769,True,True,0,0.01966598629235715,0.19941686443360984,False,3,0.42735820000052627
sev3,55,none,0.7500009980904426,10.106531828037454,-1.5994010049196097,True,True,0,0.00024042488848946753,0.015808869918347845,False,2,0.29842459999963467
sev3,56,none,0.7500003734917841,9.397642025529729,3.0834811027990483,True,True,0,0.0016468955779394073,0.2638209902979969,False,3,0.4329811999996309
sev3,57,none,0.7500004362013378,11.355571344292631,4.154895922325972,True,True,0,0.006294675685176893,0.09916783232513104,False,3,0.4387953000004927
sev3,58,none,0.750000862645302,11.1614675973253,2.458715831349468,True,True,0,0.015714745242600782,0.06914821365095225,False,3,0.33197219999965455
sev3,59,none,0.750000260853285,10.154646281660645,-1.3508840623297158,True,True,0,0.003578334779620354,0.4130479601704944,False,2,0.23906750000060129
sev3,60,none,0.7500008742072182,9.032419459834616,-1.8120468966592476,False,False,-1,0.03561421254244511,0.42402108084054224,False,1,0.14302779999889026
sev3,61,none,0.7500008772386916,10.715022147862882,-4.896955363904596,True,True,0,0.00066390969972155,0.012874692345929084,False,3,0.3270931000006385
sev3,62,none,0.7500002094162841,8.045344134137952,1.5038482760985694,True,True,0,0.010766708753277484,0.2600837464016408,False,3,0.31093460000010964
sev3,63,none,0.7500004873270398,10.712248471473483,-2.3038992387629067,True,True,0,0.020052047170430503,0.24817114876206592,False,3,0.3555055999986507
sev3,64,none,0.7500008659972299,10.39303067821696,-3.1608710690707453,True,True,0,0.008083655907809404,0.10514297906990411,False,3,0.32474569999976666
sev3,65,none,0.7500009669685509,10.393081682784578,-4.509996813381688,True,True,0,0.018646957900061965,0.19820711911768107,False,1,0.14698049999969953
sev3,66,none,0.7500000958653574,9.571679394692463,-3.0417552502404046,True,True,0,0.002778448976516447,0.16636704773851196,False,3,0.3230710999996518
sev3,67,none,0.7500006150806191,10.669231899731487,1.0778996062245207,True,False,1,0.008876001914543264,0.02217151622367952,False,3,0.32023079999999027
sev3,68,none,0.7500001260692187,11.075771117193016,-4.285995981740829,True,True,0,0.01824639798611349,0.04992800424103905,False,2,0.2284111999997549
sev3,69,none,0.750000771838238,9.051770133456602,-4.701365608061257,False,False,-1,0.04637812450128866,0.24290630193790186,False,3,0.3062307999989571
sev3,70,none,0.750000157894383,11.87272233848199,-0.9926863611571912,False,False,-1,0.00681615123088163,0.13192543634091614,False,3,0.3200555000003078
sev3,71,none,0.7500005749767306,8.924613511764683,-2.5854539925945663,True,False,1,0.001834196387192758,0.06702184990396187,False,3,0.37165599999934784
sev3,72,none,0.7500005342669012,8.161537691107961,-2.5273095494772413,False,False,-1,0.007021882601847389,1.2912415719774515,False,3,0.3296071999993728
sev3,73,none,0.7500008812666991,11.361205192418964,2.4415427369847,True,False,1,0.0122407117083126,0.5027291730144592,False,3,0.31899439999870083
sev3,74,none,0.7500004311710682,10.887263616491392,2.70043087896606,True,True,0,0.0007930750611977546,0.17495732353583282,False,2,0.23629220000111673
sev3,75,none,0.7500009021899477,9.36073903809326,1.1159727122348375,False,False,-1,0.005525423100444606,0.935632824735889,False,2,0.23737760000039998
sev3,76,none,0.7500000231347087,8.935357105059081,-1.5023362250166628,True,True,0,0.01606662563907695,0.26159579748354744,False,2,0.2223680000006425
sev3,77,none,0.7500003446512071,11.72031053707846,4.4640407112766844,True,True,0,0.01257317540666751,0.5886525087747918,False,3,0.3211509999982809
sev3,78,none,0.7500000580277949,9.550515884971665,-2.5627338057548044,True,True,0,0.005610804895088553,0.020858329246457252,False,3,0.3101155000003928
sev3,79,none,0.7500007594264348,8.49315620461029,-3.9277521673829994,True,True,0,0.007754571819708829,0.511344302384261,False,3,0.33673409999937576
sev3,80,none,0.7500005079656291,9.043006095012478,-4.6954306395910415,True,True,0,0.006756146196882624,0.24884127040811777,False,2,0.22650959999918996
sev3,81,none,0.7500008737847133,10.258751301935668,-2.532008574327348,False,False,-1,0.022506370428502592,0.9401273806722314,False,3,0.30187610000029963
sev3,82,none,0.7500002313701748,9.998572818302303,4.378855639054862,True,True,0,0.010554421102400657,0.14278766155507228,False,3,0.3556869000003644
sev3,83,none,0.7500001264806113,11.450582375373475,1.4747500446545247,False,False,-1,0.030258758704619127,0.05311400034589586,False,3,0.31394899999941117
sev3,84,none,0.7500002537939952,8.272783293006876,3.829622809992664,True,False,1,0.009432105992026011,0.0031929200048126383,False,2,0.23393329999998969
sev3,85,none,0.7500005243320498,10.415760183019245,-4.4620626857525725,True,True,0,0.00757305681562005,0.045654820753834535,False,3,0.32236569999986386
sev3,86,none,0.750000956548956,10.343919465272135,-4.2591418691711205,True,True,0,0.012091394859228131,0.02307389167133067,False,3,0.3137877999997727
sev3,87,none,0.7500005196229919,8.159406332755275,1.8651652128107037,True,True,0,0.007284931702883736,0.4487573478119653,False,3,0.31714000000101805
sev3,88,none,0.7500008700076262,10.69074340630124,-1.294134517913359,True,True,0,0.012321539009967415,0.30261323458432776,False,3,0.319700299998658
sev3,89,none,0.7500006354900248,10.774546074131468,4.797310100665763,True,False,1,0.02806708672933728,0.14696180933339598,False,3,0.3215594000012061
sev3,90,none,0.7500000576907857,10.936177250562167,-2.570566563886245,False,False,-1,0.030364841086990814,0.06875366111585768,False,2,0.2257657999998628
sev3,91,none,0.7500006468578282,9.587672251944095,-4.536368973016261,True,True,0,0.023086390170040397,0.15440296176615576,False,3,0.30583779999869876
sev3,92,none,0.7500009062440081,11.791967770392096,2.5943474267600646,True,True,0,0.00999513297130645,0.16958459574014562,False,2,0.22718750000058208
sev3,93,none,0.7500005652016679,8.94721084707237,2.6816671121895688,True,True,0,0.003810336766445143,0.029191269691041022,False,2,0.23319509999964794
sev3,94,none,0.750000980094813,9.390645128825671,-3.9312747499576495,True,False,2,0.000559376363666594,0.012997160041509748,False,3,0.3160318999998708
sev3,95,none,0.7500004514442851,11.171844247218353,1.583731773142265,True,True,0,0.0032545821868282805,0.23620761564079285,False,2,0.2356737999998586
sev3,96,none,0.7500003625578775,11.674507845643038,0.1039136099735573,True,True,0,0.007659781297808209,0.048185519972716015,False,3,0.34290380000129517
sev3,97,none,0.7500005970609912,9.22412974574831,-1.353562261223964,True,True,0,0.014090458838274743,0.06284560377477444,False,2,0.2311714999996184
sev3,98,none,0.7500006795345802,11.801541851044083,-4.294144236796442,True,False,1,0.006728434050969266,0.16953243929833484,False,3,0.32018499999867345
sev3,99,none,0.7500007778566723,11.965597168564026,-3.5816767310129105,True,True,0,0.009317980602527932,0.47022055101122806,False,3,0.3040067000001727
sev3,100,none,0.7500005235356532,8.311269409333438,0.0941907845031213,True,True,0,0.000271007333243417,0.1499188745039624,False,3,0.3011394000004657
sev3,101,none,0.7500001260934833,9.625281430784382,-4.351322518698302,True,True,0,0.006884415472518306,0.11525454119851197,False,3,0.3083955000001879
sev3,102,none,0.7500002159224037,9.564240383749764,-1.3230307285071818,True,True,0,0.0023672194253996732,0.02449342899429041,False,3,0.3003333000015118
sev3,103,none,0.7500008886286582,9.78451834158708,-4.248122927915258,False,False,-1,0.09725053423103551,0.19239483791441714,False,3,0.28019940000012866
sev3,104,none,0.7500001553844953,10.625095438659784,3.561177735961442,True,False,1,0.007512364470163085,0.325109758461652,False,2,0.24607779999860213
sev3,105,none,0.7500002230195163,8.162897733790087,3.951557154022856,True,True,0,0.008963758471065513,0.3679650190215944,False,3,0.31061269999918295
sev3,106,none,0.7500002749086513,11.43379334706227,3.868297971002143,False,False,-1,0.019730058757871663,0.9240260610029836,False,1,0.1656996000001527
sev3,107,none,0.7500006412881234,9.177564495301011,-1.044164874615138,True,True,0,0.009410724080819038,0.3033592828863343,False,3,0.36246030000074825
sev3,108,none,0.7500006111636345,10.330347469628268,-4.725247572221841,True,False,2,0.0007161862439634024,0.12849981972415403,False,3,0.2973849000009068
sev3,109,none,0.7500006373094723,9.088250119190818,-1.151055402036624,True,True,0,0.00817738241310907,0.09532731203578271,False,3,0.33053169999948295
sev3,110,none,0.7500003310007797,9.56119790838632,4.954973334806972,True,True,0,0.00022810049873157518,0.010701424807812998,False,3,0.3088121000000683
sev3,111,none,0.750000861876721,11.545074967751177,-3.109067925740482,True,True,0,0.015334762181779652,0.23367972323858943,False,1,0.1393820000012056
sev3,112,none,0.7500008607729208,8.578457771497694,-4.6566200324802365,True,True,0,0.006237512753189064,0.1287559874798161,False,3,0.30754369999885967
sev3,113,none,0.7500004589998149,10.989289201682196,2.603569280624405,True,True,0,0.0002931239794756515,0.18716141562566646,False,2,0.21975149999889254
sev3,114,none,0.750000086439773,10.914738118966648,4.865436728271469,True,True,0,0.009088069952057947,0.15723279577209937,False,3,0.4412179999999353
sev3,115,none,0.7500003273671186,8.589083230029003,1.7428378961619115,True,True,0,0.004992707611817817,0.08997783383556479,False,3,0.315157499999259
sev3,116,none,0.7500008211117517,9.789993169062718,-4.795642124606784,False,False,-1,0.06649543317553305,0.03171010210657421,False,3,0.36507650000021385
sev3,117,none,0.7500009147723172,8.268090081469293,1.840943351710908,True,True,0,0.025286745189548345,0.25735121670964634,False,3,0.3078371999999945
sev3,118,none,0.7500001796836901,8.968164598781721,-4.0961388147374205,True,True,0,0.014791037969115513,0.040410724736579695,False,3,0.31430770000042685
sev3,119,none,0.7500006125856667,9.42240379588877,4.341456741594161,True,True,0,0.011192499429674851,0.04966067409353059,False,3,0.3747300999984873
sev3,0,anscombe,0.7500004227625668,9.684941232496328,-1.114190525880657,True,True,0,0.009785427342487453,0.05299374412186664,False,3,0.32012509999913163
sev3,1,anscombe,0.7500005816860961,9.542121810794695,1.5246636172351025,True,True,0,0.0014941923900138746,0.28859563973531266,False,3,0.3083247000013216
sev3,2,anscombe,0.7500005853309083,10.674876919703914,-4.3973818686072885,True,False,1,0.009647617117384315,0.13048217639313187,False,2,0.2268445999998221
sev3,3,anscombe,0.7500002119350786,9.237660635252489,4.257095293122376,False,False,-1,0.05208963983118145,0.08991102311985255,False,3,0.32143960000030347
sev3,4,anscombe,0.7500007367020672,10.840218975417912,2.9978444880524915,True,True,0,0.003851124772189739,0.12245628555059884,False,3,0.2941203000009409
sev3,5,anscombe,0.750000926760135,9.411629919801651,-0.0001494576329585,True,True,0,0.00311881003328069,0.055578632367882616,False,3,0.31914839999990363
sev3,6,anscombe,0.7500005310520411,10.49549918650154,-2.107654027989509,True,True,0,0.0060519091798032715,0.05192593798866829,False,3,0.2984676000014588
sev3,7,anscombe,0.7500000075754183,8.916261030802165,2.1216080527418137,True,True,0,0.0069714271865467855,0.2330642327434962,False,3,0.3020332000014605
sev3,8,anscombe,0.7500009612322215,11.093230621980933,-0.2883589426560231,True,True,0,0.006003610358341226,0.05229096515623327,False,3,0.32215480000013486
sev3,9,anscombe,0.7500004374923511,9.23870016987154,-1.42227148050842,True,True,0,0.006672928616922121,0.07474732300694775,False,2,0.23117570000067644
sev3,10,anscombe,0.7500004792771552,11.601901306473565,-2.3735461212688893,False,False,-1,0.03311238915744526,0.2100460137323723,False,3,0.31124520000048506
sev3,11,anscombe,0.7500006944062672,9.1161579303728,1.0041152275342569,True,True,0,0.019215872090599388,0.051612862466584364,False,3,0.3124745000004623
sev3,12,anscombe,0.7500007488781861,8.64986849722861,-0.5110697353208291,True,True,0,0.0052910088741336,0.32174599467664733,False,3,0.3209292000010464
sev3,13,anscombe,0.7500005491783535,9.46019617844404,-3.7990507542701337,True,True,0,0.0071529030984123,0.03511873176992353,False,3,0.3139745000007679
sev3,14,anscombe,0.7500001610825915,10.190344586686042,-4.347424054461055,True,True,0,0.002671708088947388,0.00010010304041685458,False,3,0.30311690000053204
sev3,15,anscombe,0.7500003496851955,9.590445180386002,3.269361727114948,True,True,0,0.019885184201725286,0.21363363711410743,False,3,0.304357600000003
sev3,16,anscombe,0.7500001364743214,8.231165595036767,-1.7088692071323566,True,True,0,0.019221649271278205,0.12527707213109496,False,3,0.33881859999928565
sev3,17,anscombe,0.750000681738428,10.972890089127022,2.868741550776579,True,False,1,0.010688146301462064,0.28514941577531694,False,2,0.22598810000090452
sev3,18,anscombe,0.7500002212355504,9.685246603764275,2.1272387900566514,True,True,0,0.005501211759901094,0.10882918744313841,False,3,0.3405273999997007
sev3,19,anscombe,0.7500000108352824,10.37066773784032,-3.0936776042940983,True,False,1,0.0054367998965767295,0.1494056942949391,False,2,0.24209460000020044
sev3,20,anscombe,0.7500003666891567,10.769933847412588,-2.675162221626657,True,True,0,0.0005572759310698818,0.07841446912896988,False,3,0.3259651999997004
sev3,21,anscombe,0.7500008146511637,10.993040045834364,-1.4648628330466118,True,True,0,0.023375887585522812,0.11733867554513955,False,2,0.2368719999994937
sev3,22,anscombe,0.7500003834903016,9.40086528672237,-2.4140801222567667,True,False,1,0.009770195566694095,0.058055832742812896,False,3,0.30859529999906954
sev3,23,anscombe,0.7500000742366324,11.809538494882172,2.886322013079789,True,True,0,0.009950641872550285,0.057949896919370136,False,2,0.22526970000035362
sev3,24,anscombe,0.7500003347429333,11.245736846224547,1.337907395116674,True,True,0,0.008397235220440944,0.00961676238479825,False,3,0.3212039000009099
sev3,25,anscombe,0.7500003957301147,8.336360241097506,0.6469247981177118,True,True,0,0.0021282339821055616,0.2994006406162396,False,3,0.3228581999992457
sev3,26,anscombe,0.7500002621074976,11.285853085239236,2.8511911231304907,False,False,-1,0.02020927753873378,0.3159931468720325,False,3,0.30496320000020205
sev3,27,anscombe,0.7500008745092492,11.42792449762451,2.5949831974877746,True,True,0,0.00996432640938354,0.23783253250970215,False,3,0.3121703000015259
sev3,28,anscombe,0.7500006524369022,8.567572006396798,4.198080740356442,True,True,0,0.0022537345427799263,0.14235265035560118,False,2,0.22858799999994517
sev3,29,anscombe,0.7500007844968194,9.84111910794314,2.285207900563954,True,True,0,0.006093428797159114,0.22947981056311262,False,3,0.3406403999997565
sev3,30,anscombe,0.7500001591032349,9.859537051583787,-0.937887832310648,True,False,1,0.005434525856590465,0.2981801451891418,False,3,0.30252830000063113
sev3,31,anscombe,0.7500009420013732,9.071092685324777,0.2781683349880657,True,True,0,0.009373149495268624,0.09782844748911723,False,3,0.309392500001195
sev3,32,anscombe,0.7500008477881384,8.451766350598831,-1.0303336510040095,True,True,0,0.016889884351070614,0.3171905064974627,False,2,0.2336900999998761
sev3,33,anscombe,0.7500003472200077,9.805945392167644,-3.360675203112363,True,True,0,0.00031323876326665623,0.05573266188637538,False,2,0.24261230000047362
sev3,34,anscombe,0.7500007199700043,11.353595079327834,0.4375120165801824,True,True,0,0.0063805454965720106,0.2014440390803926,False,2,0.23326100000122096
sev3,35,anscombe,0.7500002366192942,10.763884118754602,-3.7287178961699095,True,True,0,0.020641606347105036,0.7844459861707502,False,3,0.29783019999922544
sev3,36,anscombe,0.7500007332780612,11.339246964728936,3.933524791636064,False,False,-1,0.002538706856857584,0.5386111633635156,False,3,0.322477899999285
sev3,37,anscombe,0.7500009066276381,9.951685697954844,2.2706540092573224,True,True,0,0.006254852337042633,0.03458603175753261,False,3,0.29587350000110746
sev3,38,anscombe,0.7500005261204732,8.73927985632325,-3.032159721099412,False,False,-1,0.013873668032913346,0.023568368901429437,False,3,0.3055650999995123
sev3,39,anscombe,0.7500007715227149,11.013419300030712,-3.906667576490058,True,True,0,0.0024834542103419274,0.37880353148963763,False,2,0.23038310000083584
sev3,40,anscombe,0.7500009712200244,11.907649661176151,2.536870724307951,True,True,0,0.006585541106345658,0.41225892680984355,False,3,0.3063313000002381
sev3,41,anscombe,0.75000098634126,8.735180937278272,4.311272410833917,False,False,-1,0.00010154800775010576,0.9637482533324451,False,3,0.3100596000003861
sev3,42,anscombe,0.7500008863166753,9.619140963272573,-3.061923049971713,False,False,-1,0.00804072796804385,0.6586708024694001,False,3,0.3118445000000065
sev3,43,anscombe,0.7500003745115065,9.261143789708033,-3.028174007556613,False,False,-1,0.030304278193422324,0.1390102624459102,False,3,0.32710299999962444
sev3,44,anscombe,0.7500007253168588,9.112609997654614,4.630371268183065,True,True,0,0.000933654727583079,0.21396340318432738,False,2,0.2229434000000765
sev3,45,anscombe,0.7500001332975406,8.645603571649035,-1.3549820848357887,True,True,0,0.0015773983026067507,0.11891410733599894,False,2,0.22875849999945785
sev3,46,anscombe,0.7500005146733165,11.082268664764198,-4.482563792618949,True,True,0,0.009937740465973633,0.2464958151191592,False,3,0.3391464999986056
sev3,47,anscombe,0.7500001654024379,10.571555595352615,-0.1126378616840542,True,True,0,0.001186069624718315,0.30377000331468407,False,3,0.3310590000000957
sev3,48,anscombe,0.7500007575384255,8.075393928093177,1.3311612073007204,True,True,0,0.007611010204610553,0.3868892973015615,False,2,0.217985299999782
sev3,49,anscombe,0.7500007788745711,11.723196307424068,-0.599149607335546,True,True,0,0.00420927682342486,0.3073535398349152,False,3,0.31559030000062194
sev3,50,anscombe,0.750000494372231,9.052822402038707,-2.75593644498501,True,True,0,0.008742423710154164,0.6604714200137285,False,3,0.3227802999990672
sev3,51,anscombe,0.7500005884746493,10.416886033140443,4.542992983704732,True,False,1,0.0016990773403600553,0.01931291504432231,False,3,0.32521019999876444
sev3,52,anscombe,0.75000083048681,8.361908405104804,-2.440880584614704,True,True,0,0.006325279848505469,0.20481260711491434,False,3,0.3191199000011693
sev3,53,anscombe,0.7500000390117848,9.480300218711909,-2.380788897390531,True,True,0,0.0222232188910332,0.4945993051113615,False,3,0.31134170000041195
sev3,54,anscombe,0.7500005614983419,10.137516773469772,3.143688774432769,True,True,0,0.005274095555156551,0.019076976934661705,False,3,0.31320919999961916
sev3,55,anscombe,0.7500009980904426,10.106531828037454,-1.5994010049196097,True,True,0,0.00024042488848946753,0.015808869918347845,False,2,0.22733040000093752
sev3,56,anscombe,0.7500003734917841,9.397642025529729,3.0834811027990483,True,True,0,0.004983054635081211,0.19493728280073075,False,3,0.31440870000005816
sev3,57,anscombe,0.7500004362013378,11.355571344292631,4.154895922325972,True,True,0,0.0023243803554402432,0.08117205517381798,False,3,0.30928859999949054
sev3,58,anscombe,0.750000862645302,11.1614675973253,2.458715831349468,True,True,0,0.015714745242600782,0.11119167384799589,False,2,0.22915519999878597
sev3,59,anscombe,0.750000260853285,10.154646281660645,-1.3508840623297158,True,True,0,0.003578334779620354,0.4130479601704944,False,2,0.23150349999923492
sev3,60,anscombe,0.7500008742072182,9.032419459834616,-1.8120468966592476,False,False,-1,0.03561421254244511,0.42402108084054224,False,2,0.21726330000092275
sev3,61,anscombe,0.7500008772386916,10.715022147862882,-4.896955363904596,True,True,0,0.00066390969972155,0.012874692345929084,False,3,0.32480670000040845
sev3,62,anscombe,0.7500002094162841,8.045344134137952,1.5038482760985694,True,True,0,0.010766708753277484,0.2600837464016408,False,3,0.3171913999995013
sev3,63,anscombe,0.7500004873270398,10.712248471473483,-2.3038992387629067,True,True,0,0.020052047170430503,0.4600327837373035,False,3,0.31558590000167897
sev3,64,anscombe,0.7500008659972299,10.39303067821696,-3.1608710690707453,True,False,1,0.003273376742665264,0.21659915907158656,False,3,0.30584779999844613
sev3,65,anscombe,0.7500009669685509,10.393081682784578,-4.509996813381688,True,True,0,0.018646957900062135,0.19820711911768107,False,1,0.1381837999997515
sev3,66,anscombe,0.7500000958653574,9.571679394692463,-3.0417552502404046,True,True,0,0.004577603144160743,0.2778232277401944,False,3,0.31239000000095984
sev3,67,anscombe,0.7500006150806191,10.669231899731487,1.0778996062245207,True,False,1,0.008876001914543264,0.02217151622367952,False,3,0.3203270000012708
sev3,68,anscombe,0.7500001260692187,11.075771117193016,-4.285995981740829,True,True,0,0.01824639798611349,0.0615281757606434,False,2,0.23163089999980002
sev3,69,anscombe,0.750000771838238,9.051770133456602,-4.701365608061257,False,False,-1,0.04637812450128866,0.24290630193790186,False,3,0.30383849999998347
sev3,70,anscombe,0.750000157894383,11.87272233848199,-0.9926863611571912,False,False,-1,0.00681615123088163,0.13192543634091614,False,3,0.31253990000004706
sev3,71,anscombe,0.7500005749767306,8.924613511764683,-2.5854539925945663,True,False,1,0.001834196387192758,0.06702184990396187,False,3,0.3142282000007981
sev3,72,anscombe,0.7500005342669012,8.161537691107961,-2.5273095494772413,True,True,0,0.0025682925465792305,0.1251662930212869,False,3,0.2957741000009264
sev3,73,anscombe,0.7500008812666991,11.361205192418964,2.4415427369847,True,True,0,0.013466992042506955,0.5027291730144592,False,3,0.3244383999990532
sev3,74,anscombe,0.7500004311710682,10.887263616491392,2.70043087896606,True,True,0,0.0007930750611977546,0.17495732353583282,False,2,0.22988330000043788
sev3,75,anscombe,0.7500009021899477,9.36073903809326,1.1159727122348375,False,False,-1,0.005525423100444606,1.004516532233155,False,2,0.25593839999964985
sev3,76,anscombe,0.7500000231347087,8.935357105059081,-1.5023362250166628,True,True,0,0.01606662563907695,0.26159579748354744,False,2,0.24980930000128865
sev3,77,anscombe,0.7500003446512071,11.72031053707846,4.4640407112766844,True,True,0,0.010195760157108252,0.06382333372373594,False,1,0.14984170000025188
sev3,78,anscombe,0.7500000580277949,9.550515884971665,-2.5627338057548044,True,True,0,0.005610804895088553,0.020858329246457252,False,3,0.32821379999950295
sev3,79,anscombe,0.7500007594264348,8.49315620461029,-3.9277521673829994,True,True,0,0.007754571819708829,0.399888122382579,False,3,0.33780189999924914
sev3,80,anscombe,0.7500005079656291,9.043006095012478,-4.6954306395910415,True,True,0,0.006756146196882624,0.24884127040811777,False,2,0.21678940000128932
sev3,81,anscombe,0.7500008737847133,10.258751301935668,-2.532008574327348,False,False,-1,0.022506370428502592,1.412263335671811,False,3,0.29799889999958395
sev3,82,anscombe,0.7500002313701748,9.998572818302303,4.378855639054862,True,True,0,0.0060452803786156875,0.03133148155338983,False,3,0.2924726000001101
sev3,83,anscombe,0.7500001264806113,11.450582375373475,1.4747500446545247,True,True,0,0.018733929056310446,0.05311400034589586,False,3,0.31060230000002775
sev3,84,anscombe,0.7500002537939952,8.272783293006876,3.829622809992664,True,False,1,0.009432105992026011,0.06569078749245394,False,2,0.24364319999949657
sev3,85,anscombe,0.7500005243320498,10.415760183019245,-4.4620626857525725,True,True,0,0.00757305681562005,0.045654820753834535,False,3,0.3737590000000637
sev3,86,anscombe,0.750000956548956,10.343919465272135,-4.2591418691711205,True,True,0,0.012091394859228131,0.09195759916859725,False,3,0.3081419999998616
sev3,87,anscombe,0.7500005196229919,8.159406332755275,1.8651652128107037,True,True,0,0.007284931702883736,0.24629096719097876,False,3,0.3235218000008899
sev3,88,anscombe,0.7500008700076262,10.69074340630124,-1.294134517913359,True,True,0,0.012321539009967415,0.18267833791167654,False,3,0.3037797999986651
sev3,89,anscombe,0.7500006354900248,10.774546074131468,4.797310100665763,True,False,1,0.02806708672933728,0.14696180933339598,False,3,0.3274366000005102
sev3,90,anscombe,0.7500000576907857,10.936177250562167,-2.570566563886245,False,False,-1,0.030364841086990814,0.026181188611441808,False,2,0.22995999999875494
sev3,91,anscombe,0.7500006468578282,9.587672251944095,-4.536368973016261,True,True,0,0.023086390170040397,0.30030099551647105,False,3,0.3387416999994457
sev3,92,anscombe,0.7500009062440081,11.791967770392096,2.5943474267600646,True,True,0,0.0014458336653241405,0.16958459574014562,False,2,0.24328170000080718
sev3,93,anscombe,0.7500005652016679,8.94721084707237,2.6816671121895688,True,True,0,0.003810336766445143,0.09807497718830716,False,2,0.24689570000009553
sev3,94,anscombe,0.750000980094813,9.390645128825671,-3.9312747499576495,True,False,2,0.0009096083582724102,0.012997160041509748,False,3,0.3431311000003916
sev3,95,anscombe,0.7500004514442851,11.171844247218353,1.583731773142265,True,True,0,0.0032545821868282805,0.23620761564079285,False,2,0.23124969999844325
sev3,96,anscombe,0.7500003625578775,11.674507845643038,0.1039136099735573,True,True,0,0.007659781297808209,0.06327066002896627,False,3,0.30646140000135347
sev3,97,anscombe,0.7500005970609912,9.22412974574831,-1.353562261223964,True,True,0,0.014090458838274743,0.0060381037224916945,False,2,0.2342951999999059
sev3,98,anscombe,0.7500006795345802,11.801541851044083,-4.294144236796442,True,False,1,0.016730007594467942,0.3498723267972834,False,3,0.3342335000015737
sev3,99,anscombe,0.7500007778566723,11.965597168564026,-3.5816767310129105,True,True,0,0.009317980602527932,0.29371147148898213,False,3,0.2941381000000547
sev3,100,anscombe,0.7500005235356532,8.311269409333438,0.0941907845031213,True,True,0,0.000271007333243417,0.1499188745039624,False,3,0.30465059999914956
sev3,101,anscombe,0.7500001260934833,9.625281430784382,-4.351322518698302,True,True,0,0.003989534403243278,0.06508534630043616,False,3,0.3057984999995824
sev3,102,anscombe,0.7500002159224037,9.564240383749764,-1.3230307285071818,True,True,0,0.0023672194253996732,0.02449342899429041,False,3,0.3125849999996717
sev3,103,anscombe,0.7500008886286582,9.78451834158708,-4.248122927915258,False,False,-1,0.09725053423103551,1.1923948379144167,False,3,0.2972764999994979
sev3,104,anscombe,0.7500001553844953,10.625095438659784,3.561177735961442,True,False,1,0.006201127071812945,0.325109758461652,False,2,0.23559079999904498
sev3,105,anscombe,0.7500002230195163,8.162897733790087,3.951557154022856,True,True,0,0.008963758471065513,0.3679650190215944,False,3,0.31934350000119593
sev3,106,anscombe,0.7500002749086513,11.43379334706227,3.868297971002143,False,False,-1,0.019730058757871663,0.9240260610029836,False,1,0.1414721000001009
sev3,107,anscombe,0.7500006412881234,9.177564495301011,-1.044164874615138,True,True,0,0.019235764677988418,0.12301939538738571,False,3,0.3058561000016198
sev3,108,anscombe,0.7500006111636345,10.330347469628268,-4.725247572221841,True,False,1,0.005080509129257453,0.017043639722471582,False,3,0.3128226999997423
sev3,109,anscombe,0.7500006373094723,9.088250119190818,-1.151055402036624,True,True,0,0.00817738241310907,0.09532731203578271,False,3,0.32144510000034643
sev3,110,anscombe,0.7500003310007797,9.56119790838632,4.954973334806972,True,True,0,0.00022810049873157518,0.010701424807812998,False,3,0.32422260000021197
sev3,111,anscombe,0.750000861876721,11.545074967751177,-3.109067925740482,True,True,0,0.015334762181779652,0.05333983573964085,False,1,0.1407349000000977
sev3,112,anscombe,0.7500008607729208,8.578457771497694,-4.6566200324802365,True,True,0,0.006237512753189064,0.1287559874798161,False,3,0.31238389999998617
sev3,113,anscombe,0.7500004589998149,10.989289201682196,2.603569280624405,True,True,0,0.002242439921796059,0.25604512312293304,False,2,0.22172679999857792
sev3,114,anscombe,0.750000086439773,10.914738118966648,4.865436728271469,True,True,0,0.009088069952057947,0.06706285202262485,False,3,0.31909559999985504
sev3,115,anscombe,0.7500003273671186,8.589083230029003,1.7428378961619115,True,True,0,0.004992707611817817,0.07682221633913988,False,2,0.22216289999960281
sev3,116,anscombe,0.7500008211117517,9.789993169062718,-4.795642124606784,False,False,-1,0.06649543317553305,0.1486297853923748,False,3,0.3279439999987517
sev3,117,anscombe,0.7500009147723172,8.268090081469293,1.840943351710908,True,True,0,0.02360171002871515,0.36880739671132856,False,3,0.29946909999853233
sev3,118,anscombe,0.7500001796836901,8.968164598781721,-4.0961388147374205,True,True,0,0.015157769014010785,0.13992916276236933,False,3,0.30696140000145533
sev3,119,anscombe,0.7500006125856667,9.42240379588877,4.341456741594161,True,True,0,0.011192499429674851,0.27657724715573373,False,3,0.3338794000010239
sev3,0,gat,0.7500004227625668,9.684941232496328,-1.114190525880657,True,True,0,0.009785427342487453,0.05299374412186664,False,3,0.47056119999979273
sev3,1,gat,0.7500005816860961,9.542121810794695,1.5246636172351025,True,True,0,0.0014941923900138746,0.28859563973531266,False,3,0.4742052000001422
sev3,2,gat,0.7500005853309083,10.674876919703914,-4.3973818686072885,True,False,1,0.009647617117384315,0.13048217639313187,False,2,0.3345043000008445
sev3,3,gat,0.7500002119350786,9.237660635252489,4.257095293122376,False,False,-1,0.05208963983118145,0.08991102311985255,False,3,0.490649499999563
sev3,4,gat,0.7500007367020672,10.840218975417912,2.9978444880524915,True,True,0,0.003851124772189739,0.12245628555059884,False,3,0.4579293000006146
sev3,5,gat,0.750000926760135,9.411629919801651,-0.0001494576329585,True,True,0,0.00311881003328069,0.055578632367882616,False,3,0.47950289999971574
sev3,6,gat,0.7500005310520411,10.49549918650154,-2.107654027989509,True,True,0,0.0060519091798032715,0.05192593798866829,False,3,0.46209380000072997
sev3,7,gat,0.7500000075754183,8.916261030802165,2.1216080527418137,True,True,0,0.0069714271865467855,0.2330642327434962,False,3,0.47274800000013784
sev3,8,gat,0.7500009612322215,11.093230621980933,-0.2883589426560231,True,True,0,0.006003610358341226,0.05229096515623327,False,3,0.48820420000083686
sev3,9,gat,0.7500004374923511,9.23870016987154,-1.42227148050842,True,True,0,0.006672928616922121,0.07474732300694775,False,2,0.34580429999914486
sev3,10,gat,0.7500004792771552,11.601901306473565,-2.3735461212688893,False,False,-1,0.03311238915744526,0.2100460137323723,False,3,0.4880790999995952
sev3,11,gat,0.7500006944062672,9.1161579303728,1.0041152275342569,True,True,0,0.019215872090599388,0.051612862466584364,False,3,0.48261810000076366
sev3,12,gat,0.7500007488781861,8.64986849722861,-0.5110697353208291,True,True,0,0.0052910088741336,0.32174599467664733,False,3,0.4980923000002804
sev3,13,gat,0.7500005491783535,9.46019617844404,-3.7990507542701337,True,True,0,0.0071529030984123,0.03511873176992353,False,3,0.4824265999995987
sev3,14,gat,0.7500001610825915,10.190344586686042,-4.347424054461055,True,True,0,0.002671708088947388,0.00010010304041685458,False,3,0.47267120000105933
sev3,15,gat,0.7500003496851955,9.590445180386002,3.269361727114948,True,True,0,0.019885184201725286,0.21363363711410743,False,3,0.4868857000001299
sev3,16,gat,0.7500001364743214,8.231165595036767,-1.7088692071323566,True,True,0,0.019221649271278205,0.12527707213109496,False,3,0.4992830999999569
sev3,17,gat,0.750000681738428,10.972890089127022,2.868741550776579,True,False,1,0.010688146301462064,0.25587024672152836,False,2,0.3446133999987069
sev3,18,gat,0.7500002212355504,9.685246603764275,2.1272387900566514,True,True,0,0.005501211759901094,0.10882918744313841,False,3,0.5142249999989872
sev3,19,gat,0.7500000108352824,10.37066773784032,-3.0936776042940983,True,False,1,0.0054367998965767295,0.1494056942949391,False,2,0.3567103999994288
sev3,20,gat,0.7500003666891567,10.769933847412588,-2.675162221626657,True,True,0,0.0005572759310698818,0.07841446912896988,False,3,0.49771749999854364
sev3,21,gat,0.7500008146511637,10.993040045834364,-1.4648628330466118,True,True,0,0.023375887585522812,0.11733867554513955,False,2,0.3484210000005987
sev3,22,gat,0.7500003834903016,9.40086528672237,-2.4140801222567667,True,False,1,0.009770195566694095,0.058055832742812896,False,3,0.47910200000114855
sev3,23,gat,0.7500000742366324,11.809538494882172,2.886322013079789,True,True,0,0.009950641872550285,0.057949896919370136,False,2,0.3397296000002825
sev3,24,gat,0.7500003347429333,11.245736846224547,1.337907395116674,True,True,0,0.008397235220440944,0.00961676238479825,False,3,0.49685259999932896
sev3,25,gat,0.7500003957301147,8.336360241097506,0.6469247981177118,True,True,0,0.0021282339821055616,0.2994006406162396,False,3,0.5049395999994886
sev3,26,gat,0.7500002621074976,11.285853085239236,2.8511911231304907,False,False,-1,0.02020927753873378,0.3159931468720325,False,3,0.49205979999896954
sev3,27,gat,0.7500008745092492,11.42792449762451,2.5949831974877746,True,True,0,0.00903300085430862,0.23783253250970215,False,3,0.49067959999956656
sev3,28,gat,0.7500006524369022,8.567572006396798,4.198080740356442,True,True,0,0.0022537345427799263,0.14235265035560118,False,2,0.34247030000005907
sev3,29,gat,0.7500007844968194,9.84111910794314,2.285207900563954,True,True,0,0.006093428797159114,0.22947981056311262,False,3,0.4909592000003613
sev3,30,gat,0.7500001591032349,9.859537051583787,-0.937887832310648,True,False,1,0.005434525856590465,0.2981801451891418,False,3,0.47350100000039674
sev3,31,gat,0.7500009420013732,9.071092685324777,0.2781683349880657,True,True,0,0.009373149495268624,0.09782844748911723,False,3,0.49163370000133
sev3,32,gat,0.7500008477881384,8.451766350598831,-1.0303336510040095,True,True,0,0.016889884351070614,0.3171905064974627,False,2,0.34941369999978633
sev3,33,gat,0.7500003472200077,9.805945392167644,-3.360675203112363,True,True,0,0.00031323876326665623,0.05573266188637538,False,2,0.34409099999902537
sev3,34,gat,0.7500007199700043,11.353595079327834,0.4375120165801824,True,True,0,0.0063805454965720106,0.2014440390803926,False,2,0.36628899999959685
sev3,35,gat,0.7500002366192942,10.763884118754602,-3.7287178961699095,True,True,0,0.020641606347105036,0.7844459861707502,False,3,0.46336519999931625
sev3,36,gat,0.7500007332780612,11.339246964728936,3.933524791636064,False,False,-1,0.002538706856857584,0.5386111633635156,False,3,0.5001804000003176
sev3,37,gat,0.7500009066276381,9.951685697954844,2.2706540092573224,True,True,0,0.006254852337042633,0.03458603175753261,False,3,0.460010599999805
sev3,38,gat,0.7500005261204732,8.73927985632325,-3.032159721099412,False,False,-1,0.013873668032913346,0.08788781110025257,False,3,0.47693099999924016
sev3,39,gat,0.7500007715227149,11.013419300030712,-3.906667576490058,True,True,0,0.0024834542103419274,0.37880353148963763,False,2,0.34568750000107684
sev3,40,gat,0.7500009712200244,11.907649661176151,2.536870724307951,True,True,0,0.006585541106345658,0.41225892680984355,False,3,0.4770109999990382
sev3,41,gat,0.75000098634126,8.735180937278272,4.311272410833917,False,False,-1,0.00010154800775010576,0.9637482533324451,False,3,0.483401600000434
sev3,42,gat,0.7500008863166753,9.619140963272573,-3.061923049971713,False,False,-1,0.00804072796804385,0.6586708024694001,False,3,0.49205260000053386
sev3,43,gat,0.7500003745115065,9.261143789708033,-3.028174007556613,False,False,-1,0.030304278193422324,0.1390102624459102,False,3,0.4881201999996847
sev3,44,gat,0.7500007253168588,9.112609997654614,4.630371268183065,True,True,0,0.000933654727583079,0.21396340318432738,False,2,0.3377149999996618
sev3,45,gat,0.7500001332975406,8.645603571649035,-1.3549820848357887,True,True,0,0.0015773983026067507,0.11891410733599894,False,2,0.3513966000009532
sev3,46,gat,0.7500005146733165,11.082268664764198,-4.482563792618949,True,True,0,0.009937740465973633,0.2464958151191592,False,3,0.47946240000055695
sev3,47,gat,0.7500001654024379,10.571555595352615,-0.1126378616840542,True,True,0,0.001186069624718315,0.30377000331468407,False,3,0.5050097000003007
sev3,48,gat,0.7500007575384255,8.075393928093177,1.3311612073007204,True,True,0,0.007611010204610553,0.3868892973015615,False,2,0.3325840999987122
sev3,49,gat,0.7500007788745711,11.723196307424068,-0.599149607335546,True,True,0,0.00420927682342486,0.3073535398349152,False,3,0.47669739999946614
sev3,50,gat,0.750000494372231,9.052822402038707,-2.75593644498501,True,True,0,0.008742423710154164,0.6604714200137285,False,3,0.48870609999903536
sev3,51,gat,0.7500005884746493,10.416886033140443,4.542992983704732,True,False,1,0.0016990773403600553,0.22093903879547838,False,3,0.49991009999939706
sev3,52,gat,0.75000083048681,8.361908405104804,-2.440880584614704,True,True,0,0.006325279848505469,0.20481260711491434,False,3,0.49158560000068974
sev3,53,gat,0.7500000390117848,9.480300218711909,-2.380788897390531,True,True,0,0.0222232188910332,0.4945993051113615,False,3,0.4851235000005545
sev3,54,gat,0.7500005614983419,10.137516773469772,3.143688774432769,True,True,0,0.005274095555156551,0.019076976934661705,False,3,0.48279460000048857
sev3,55,gat,0.7500009980904426,10.106531828037454,-1.5994010049196097,True,True,0,0.00024042488848946753,0.015808869918347845,False,2,0.3421829999988404
sev3,56,gat,0.7500003734917841,9.397642025529729,3.0834811027990483,True,True,0,0.004983054635081211,0.19493728280073075,False,3,0.479399599998942
sev3,57,gat,0.7500004362013378,11.355571344292631,4.154895922325972,True,True,0,0.0023243803554402432,0.08117205517381798,False,3,0.47768830000131857
sev3,58,gat,0.750000862645302,11.1614675973253,2.458715831349468,True,True,0,0.015714745242600782,0.11119167384799589,False,2,0.3507650999999896
sev3,59,gat,0.750000260853285,10.154646281660645,-1.3508840623297158,True,True,0,0.003578334779620354,0.4130479601704944,False,2,0.35565409999981057
sev3,60,gat,0.7500008742072182,9.032419459834616,-1.8120468966592476,False,False,-1,0.03561421254244511,0.42402108084054224,False,2,0.34252639999976964
sev3,61,gat,0.7500008772386916,10.715022147862882,-4.896955363904596,True,True,0,0.00066390969972155,0.012874692345929084,False,3,0.5061574999999721
sev3,62,gat,0.7500002094162841,8.045344134137952,1.5038482760985694,True,True,0,0.010766708753277484,0.2600837464016408,False,3,0.4806164000001445
sev3,63,gat,0.7500004873270398,10.712248471473483,-2.3038992387629067,True,True,0,0.020052047170430503,0.24817114876206547,False,3,0.48946129999967525
sev3,64,gat,0.7500008659972299,10.39303067821696,-3.1608710690707453,True,False,1,0.003273376742665264,0.21659915907158656,False,3,0.4763593999996374
sev3,65,gat,0.7500009669685509,10.393081682784578,-4.509996813381688,True,True,0,0.018646957900061965,0.19820711911768107,False,1,0.20363580000048387
sev3,66,gat,0.7500000958653574,9.571679394692463,-3.0417552502404046,True,True,0,0.002778448976516447,0.38927940774187686,False,3,0.48433850000037637
sev3,67,gat,0.7500006150806191,10.669231899731487,1.0778996062245207,True,False,1,0.008876001914543264,0.02217151622367952,False,3,0.4868280999999115
sev3,68,gat,0.7500001260692187,11.075771117193016,-4.285995981740829,True,True,0,0.01824639798611349,0.0615281757606434,False,2,0.3479310999991867
sev3,69,gat,0.750000771838238,9.051770133456602,-4.701365608061257,False,False,-1,0.04637812450128866,0.24290630193790186,False,3,0.47901679999995395
sev3,70,gat,0.750000157894383,11.87272233848199,-0.9926863611571912,False,False,-1,0.00681615123088163,0.13192543634091614,False,3,0.48876910000035423
sev3,71,gat,0.7500005749767306,8.924613511764683,-2.5854539925945663,True,False,1,0.001834196387192758,0.06702184990396187,False,3,0.5079459999997198
sev3,72,gat,0.7500005342669012,8.161537691107961,-2.5273095494772413,True,True,0,0.0019162635706118617,0.1251662930212869,False,3,0.4905570999999327
sev3,73,gat,0.7500008812666991,11.361205192418964,2.4415427369847,True,True,0,0.013466992042506955,0.5027291730144592,False,3,0.5114255999997113
sev3,74,gat,0.7500004311710682,10.887263616491392,2.70043087896606,True,True,0,0.0007930750611975914,0.17495732353583282,False,2,0.34816519999913
sev3,75,gat,0.7500009021899477,9.36073903809326,1.1159727122348375,False,False,-1,0.005525423100444606,1.004516532233155,False,2,0.34661290000076406
sev3,76,gat,0.7500000231347087,8.935357105059081,-1.5023362250166628,True,True,0,0.01606662563907695,0.26159579748354744,False,2,0.3431749999999738
sev3,77,gat,0.7500003446512071,11.72031053707846,4.4640407112766844,True,True,0,0.010195760157108252,0.06382333372373594,False,1,0.20256510000035632
sev3,78,gat,0.7500000580277949,9.550515884971665,-2.5627338057548044,True,True,0,0.005610804895088553,0.020858329246457252,False,3,0.4716332000007242
sev3,79,gat,0.7500007594264348,8.49315620461029,-3.9277521673829994,True,True,0,0.007754571819708829,0.399888122382579,False,3,0.5020782000010513
sev3,80,gat,0.7500005079656291,9.043006095012478,-4.6954306395910415,True,True,0,0.006756146196882624,0.24884127040811777,False,2,0.3314934000009089
sev3,81,gat,0.7500008737847133,10.258751301935668,-2.532008574327348,False,False,-1,0.022506370428502592,1.412263335671811,False,3,0.46886169999925187
sev3,82,gat,0.7500002313701748,9.998572818302303,4.378855639054862,True,True,0,0.0060452803786156875,0.03133148155338983,False,3,0.4607897000005323
sev3,83,gat,0.7500001264806113,11.450582375373475,1.4747500446545247,True,True,0,0.018733929056310446,0.05311400034589586,False,3,0.5032343000002584
sev3,84,gat,0.7500002537939952,8.272783293006876,3.829622809992664,True,False,1,0.009432105992026011,0.06569078749245394,False,2,0.3545008000000962
sev3,85,gat,0.7500005243320498,10.415760183019245,-4.4620626857525725,True,True,0,0.00757305681562005,0.045654820753834535,False,3,0.4933376999997563
sev3,86,gat,0.750000956548956,10.343919465272135,-4.2591418691711205,True,True,0,0.012091394859228131,0.09195759916859725,False,3,0.4988874999999098
sev3,87,gat,0.7500005196229919,8.159406332755275,1.8651652128107037,True,True,0,0.007284931702883736,0.24629096719097876,False,3,0.4949366999990161
sev3,88,gat,0.7500008700076262,10.69074340630124,-1.294134517913359,True,True,0,0.012321539009967415,0.18267833791167654,False,3,0.463868699998784
sev3,89,gat,0.7500006354900248,10.774546074131468,4.797310100665763,True,False,1,0.02806708672933728,0.14696180933339598,False,3,0.475458200000503
sev3,90,gat,0.7500000576907857,10.936177250562167,-2.570566563886245,False,False,-1,0.030364841086990814,0.026181188611441808,False,2,0.33637740000085614
sev3,91,gat,0.7500006468578282,9.587672251944095,-4.536368973016261,True,True,0,0.023086390170040397,0.30030099551647105,False,3,0.4635158999990381
sev3,92,gat,0.7500009062440081,11.791967770392096,2.5943474267600646,True,True,0,0.0014458336653241405,0.16958459574014562,False,2,0.35071760000028007
sev3,93,gat,0.7500005652016679,8.94721084707237,2.6816671121895688,True,True,0,0.003810336766445143,0.09807497718830716,False,2,0.35404490000109945
sev3,94,gat,0.750000980094813,9.390645128825671,-3.9312747499576495,True,False,2,0.0009096083582724102,0.012997160041509748,False,3,0.4833578999987367
sev3,95,gat,0.7500004514442851,11.171844247218353,1.583731773142265,True,True,0,0.0032545821868282805,0.23620761564079285,False,2,0.3517843999998149
sev3,96,gat,0.7500003625578775,11.674507845643038,0.1039136099735573,True,True,0,0.007659781297808209,0.06327066002896627,False,3,0.4712675999999192
sev3,97,gat,0.7500005970609912,9.22412974574831,-1.353562261223964,True,True,0,0.014090458838274743,0.0060381037224916945,False,2,0.35270700000000943
sev3,98,gat,0.7500006795345802,11.801541851044083,-4.294144236796442,True,False,1,0.016730007594467942,0.3498723267972834,False,3,0.48703670000031707
sev3,99,gat,0.7500007778566723,11.965597168564026,-3.5816767310129105,True,True,0,0.009317980602527932,0.29371147148898213,False,3,0.4592451999997138
sev3,100,gat,0.7500005235356532,8.311269409333438,0.0941907845031213,True,True,0,0.000271007333243417,0.1499188745039624,False,3,0.47534319999977015
sev3,101,gat,0.7500001260934833,9.625281430784382,-4.351322518698302,True,True,0,0.003989534403243278,0.06508534630043616,False,3,0.4635980000002746
sev3,102,gat,0.7500002159224037,9.564240383749764,-1.3230307285071818,True,True,0,0.0023672194253996732,0.02449342899429041,False,3,0.47058579999975336
sev3,103,gat,0.7500008886286582,9.78451834158708,-4.248122927915258,False,False,-1,0.09725053423103551,1.1923948379144167,False,3,0.4650013999998919
sev3,104,gat,0.7500001553844953,10.625095438659784,3.561177735961442,True,False,1,0.006201127071812945,0.325109758461652,False,2,0.3699834999988525
sev3,105,gat,0.7500002230195163,8.162897733790087,3.951557154022856,True,True,0,0.008963758471065513,0.3679650190215944,False,3,0.49457520000032673
sev3,106,gat,0.7500002749086513,11.43379334706227,3.868297971002143,False,False,-1,0.019730058757871663,0.9240260610029836,False,1,0.21610450000116543
sev3,107,gat,0.7500006412881234,9.177564495301011,-1.044164874615138,True,True,0,0.019235764677988418,0.12301939538738571,False,3,0.4699067000001378
sev3,108,gat,0.7500006111636345,10.330347469628268,-4.725247572221841,True,False,1,0.005080509129257453,0.017043639722471582,False,3,0.4831357000002754
sev3,109,gat,0.7500006373094723,9.088250119190818,-1.151055402036624,True,True,0,0.00817738241310907,0.09532731203578271,False,3,0.48474290000012843
sev3,110,gat,0.7500003310007797,9.56119790838632,4.954973334806972,True,True,0,0.002029226993478761,0.010701424807812998,False,3,0.4833349000000453
sev3,111,gat,0.750000861876721,11.545074967751177,-3.109067925740482,True,True,0,0.015334762181779652,0.05333983573964085,False,1,0.2009405999997398
sev3,112,gat,0.7500008607729208,8.578457771497694,-4.6566200324802365,True,True,0,0.006237512753189064,0.1287559874798161,False,3,0.4825267000014719
sev3,113,gat,0.7500004589998149,10.989289201682196,2.603569280624405,True,True,0,0.002242439921796059,0.25604512312293304,False,2,0.33507209999879706
sev3,114,gat,0.750000086439773,10.914738118966648,4.865436728271469,True,True,0,0.009088069952057947,0.06706285202262485,False,3,0.47840290000021923
sev3,115,gat,0.7500003273671186,8.589083230029003,1.7428378961619115,True,True,0,0.004992707611817817,0.07682221633913988,False,2,0.3558509000013146
sev3,116,gat,0.7500008211117517,9.789993169062718,-4.795642124606784,False,False,-1,0.06649543317553305,0.1486297853923748,False,3,0.48873269999967306
sev3,117,gat,0.7500009147723172,8.268090081469293,1.840943351710908,True,True,0,0.02360171002871515,0.36880739671132856,False,3,0.47137710000060906
sev3,118,gat,0.7500001796836901,8.968164598781721,-4.0961388147374205,True,True,0,0.014791037969115513,0.028472982760686882,False,3,0.4709205999988626
sev3,119,gat,0.7500006125856667,9.42240379588877,4.341456741594161,True,True,0,0.011192499429674851,0.27657724715573373,False,3,0.4867369999992661
sev4,0,none,1.000000366506393,9.499393919017605,4.24161551630672,False,False,-1,0.0216351812399536,0.35307169630840285,False,3,0.30530390000058105
sev4,1,none,1.0000000955861517,9.333881115961812,-3.901808297145797,True,False,2,0.00032140150236391053,0.3739442521453764,False,3,0.3059957999994367
sev4,2,none,1.0000006956560346,11.993929383778632,3.98909495201773,True,True,0,0.0006554487713988107,0.15627922202025335,False,3,0.32278109999970184
sev4,3,none,1.000000826142039,11.485213843259793,-0.905948666052721,True,False,1,0.002500447935261665,0.5584245085512488,False,2,0.225114200000462
sev4,4,none,1.000000720977672,8.769754319955764,-3.779103159177404,True,False,2,0.015711763828106174,0.431579001675932,False,3,0.3148567999996885
sev4,5,none,1.000000440029725,9.903859585274825,0.3349972592616019,True,True,0,0.011315135963842982,0.31747858323692596,False,2,0.22009109999999055
sev4,6,none,1.0000006793506913,10.848779349227453,0.3940309537263173,True,False,1,0.01038931368215993,0.04650679622484516,False,2,0.2345815999997285
sev4,7,none,1.0000005514897583,9.79374247731707,-1.843482418971432,True,True,0,0.0016212834218813127,0.045061401026885495,False,1,0.13747130000047036
sev4,8,none,1.0000002242873212,11.034288631841273,-4.690565809161709,False,False,-1,0.030246205083447292,0.2537061008374506,False,2,0.22617800000080024
sev4,9,none,1.0000008474071005,8.289560741494022,1.1733246545924612,True,True,0,0.006453027568332986,0.11759656459161993,False,2,0.23345400000107475
sev4,10,none,1.0000000004159606,11.914387357246298,-0.1901274972520115,False,False,-1,0.010289349008877713,0.1016685702486193,False,3,0.31709000000046217
sev4,11,none,1.0000006325036197,8.052823704656543,-4.388925890316547,False,False,-1,0.03700433141814886,0.5209041659339784,False,3,0.3079635000012786
sev4,12,none,1.000000228264326,9.662844954035638,-1.5581095679581658,True,True,0,0.0003120093305288075,0.09436627454036195,False,2,0.21979710000050545
sev4,13,none,1.0000007904262205,11.650814756776336,0.0523146798935449,True,True,0,0.0016178049277857053,0.10804276989438602,False,3,0.30866880000030505
sev4,14,none,1.0000001099284723,8.988436091033758,-0.8235474870100497,True,True,0,0.00026346224304035076,0.12072442298910924,False,3,0.2975733000002947
sev4,15,none,1.0000001127595288,8.2168766514269,-3.7038239819085375,False,False,-1,0.24364128660139045,2.1202318469072754,False,3,0.29952679999951215
sev4,16,none,1.0000002113121207,8.239919547245862,-4.483574441441224,True,False,1,0.006295755675443271,0.1000176935600372,False,2,0.2293564999999944
sev4,17,none,1.0000007813186391,11.631176242352188,0.6944427837381939,False,False,-1,6.790103438045115e-05,0.1665787387377733,False,3,0.3104841000003944
sev4,18,none,1.000000656630308,10.47631097259501,2.2302010100057306,True,True,0,0.007361754979623866,0.1744729200048898,False,3,0.3136101999989478
sev4,19,none,1.0000008977703092,8.534553723225692,2.879836269795641,True,True,0,0.006131230506789717,0.2873480002068822,False,3,0.3105418999984977
sev4,20,none,1.0000009172413344,8.400793878206692,3.8527732448079206,True,True,0,0.003125550429973768,0.09149866519123862,False,3,0.30663860000095156
sev4,21,none,1.0000000659454171,9.53180096373996,1.6604968458875948,True,True,0,0.0010486060083182223,0.3129726883861226,False,3,0.30969139999979234
sev4,22,none,1.0000009096962057,9.162193489985889,2.4295108144722475,True,True,0,0.003142207777060296,0.08198665697077567,False,3,0.3193018999991182
sev4,23,none,1.0000000062034102,11.625952490531445,2.889931318693451,True,False,1,0.0005172497241458767,0.2374554761949228,False,2,0.23105440000108501
sev4,24,none,1.000000668352771,9.409505060777,-1.2413521487162047,True,True,0,0.019912748286672236,0.07416787871368102,False,2,0.21225499999854947
sev4,25,none,1.000000794961315,10.881681763058502,2.466941532323803,True,True,0,0.0012541971549782974,0.35548535232212064,False,3,0.3135865999993257
sev4,26,none,1.0000004475924231,9.857368918799777,3.0820406992154226,True,True,0,0.004905155201467041,0.609904744215843,False,3,0.30983980000019073
sev4,27,none,1.0000004400540825,9.335883712220207,-2.142016516387088,True,True,0,0.004722385804984703,0.7333716861148045,False,1,0.13924890000089363
sev4,28,none,1.0000000549613002,8.281367972987908,3.9422564703454928,True,False,2,0.008385702593362099,0.11347161965534802,False,3,0.3746719999999186
sev4,29,none,1.0000000536947422,8.922497220096998,-1.469136616191352,True,True,0,0.0020718174600736013,0.23306863869156214,False,2,0.23770200000035402
sev4,30,none,1.000000009067043,9.01168692614377,-4.690074514461608,True,True,0,0.004388853215644883,0.1277686157125535,False,2,0.22842800000034913
sev4,31,none,1.0000009681228217,9.216413684423054,-1.9937488283608653,True,True,0,0.013070957866824046,0.4783871266387143,False,3,0.3054606000005151
sev4,32,none,1.0000007271054268,8.486440025914757,4.955952037708013,True,True,0,0.01019379041108314,0.011680127708853405,False,3,0.30736140000044543
sev4,33,none,1.0000008469675277,10.659757327758772,4.045964478170687,True,True,0,0.01107968161095844,0.5181004331702663,False,3,0.30497230000037234
sev4,34,none,1.0000004231348036,9.756531059232165,4.144179771005549,True,True,0,0.015623287832230423,0.19990786100638935,False,3,0.2946730999992724
sev4,35,none,1.0000009108215155,8.393375075959025,4.4031338657126255,True,True,0,0.005070905767735228,0.30507006678674387,False,3,0.3027021000016248
sev4,36,none,1.0000004649237482,11.75775101273976,-1.5817287768724455,True,True,0,0.00436018602363995,0.3456607993726557,False,3,0.2998628999994253
sev4,37,none,1.0000004256867787,11.417079489646154,-0.4791555904595599,True,True,0,0.007024427774503555,0.06274772546082164,False,2,0.20962470000085887
sev4,38,none,1.0000000378212337,9.334066067297634,-0.9862296998447312,True,True,0,0.004528573024043463,0.18095457015779248,False,2,0.23754340000050433
sev4,39,none,1.00000081549147,10.860222330277985,0.053615383011607,False,False,-1,0.0005635578943201444,0.0021127069892342767,False,3,0.3196373000009771
sev4,40,none,1.0000003592473727,9.895268824774195,-2.2094696672501435,True,True,0,0.008716471672129331,0.6101904452509079,False,3,0.30843409999943106
sev4,41,none,1.0000000801188913,9.880462390712031,-3.733017623340893,True,True,0,0.0033051661573347316,0.2112542866582663,False,3,0.2981412999997701
sev4,42,none,1.000000092405241,11.604882270634112,-4.5749390480670415,True,False,1,0.01010382368653364,0.28314298056641096,False,3,0.3069379000007757
sev4,43,none,1.0000008805887604,9.121269363785942,-4.278429623793311,False,False,-1,0.006115554438110209,0.8062936687937317,False,2,0.21630740000000515
sev4,44,none,1.0000009406095238,9.33854713036997,-0.7019051329789736,True,True,0,0.00017377578726649582,0.4101090654783428,False,3,0.3059099999991304
sev4,45,none,1.000000029067204,11.148588240507983,-4.561557571636189,False,False,-1,0.020933392256263634,1.3254895941363989,False,3,0.3167108999987249
sev4,46,none,1.0000004918782008,11.013119425604035,-2.1802790244115986,True,True,0,0.0029024970160938693,0.3475850205888218,False,3,0.31720769999992626
sev4,47,none,1.0000004511761236,9.108452437796936,4.759578545164768,True,True,0,0.0025815113614246505,0.051374612665398445,False,3,0.30253670000092825
sev4,48,none,1.0000006643274075,8.907122523263299,3.558400474892972,True,True,0,0.012947666933003633,0.4973276151078698,False,3,0.28901330000007874
sev4,49,none,1.0000007247499654,11.246417234420964,3.9365434885047854,True,False,1,0.008937886490908048,0.11918460149605625,False,3,0.3048159999998461
sev4,50,none,1.0000005574577275,8.6363007488068,4.899907111725309,True,True,0,0.007944869141795862,0.044364798273850425,False,3,0.2988039000010758
sev4,51,none,1.0000009778007406,11.030876520491807,-0.7097157762022466,True,True,0,0.0053251040733804334,0.23455613379691231,False,2,0.23753580000084185
sev4,52,none,1.0000009954648934,11.017652741217676,4.224894053796772,True,True,0,0.006283398087026829,0.34950585129487965,False,2,0.22125670000059472
sev4,53,none,1.0000008663568147,11.594406786291366,-1.956520129366096,True,False,1,0.01462129450290485,0.2483161968667269,False,3,0.3030519000003551
sev4,54,none,1.0000003119992946,9.543235530232016,1.5842111788674398,True,True,0,0.012174544654075997,0.24860455113003654,False,3,0.2934567000011157
sev4,55,none,1.0000005955855729,8.99017749858496,-3.3958941024218547,True,True,0,0.005472026883523588,0.4516221924226955,False,3,0.3134049000000232
sev4,56,none,1.000000968891917,8.676220272377563,4.970007674913827,True,True,0,0.0015100252577314455,0.6224835174123546,False,3,0.30999569999949017
sev4,57,none,1.0000003630840044,9.914882650105303,-0.7351951037689037,True,False,1,0.014537170973789832,0.44339903626827293,False,3,0.2698851000004652
sev4,58,none,1.0000009622177302,8.83784546139443,-3.2250866390964528,True,True,0,0.011669987292847562,0.06670942840417782,False,3,0.3073852999987139
sev4,59,none,1.0000004028644234,8.485425673134747,-2.574792849938138,True,True,0,0.008908877385322108,0.008799285063123996,False,3,0.3052571000007447
sev4,60,none,1.00000061569266,11.871610252766557,1.9481036578685504,True,True,0,0.002771169514535748,0.17650813962955691,False,3,0.3051544999998441
sev4,61,none,1.0000006476408088,11.44632572359396,-3.1911772362577384,True,True,0,0.015934694285152744,0.482973303758369,False,3,0.3154997000001458
sev4,62,none,1.0000009545083066,11.4057366199029,4.51073012727004,True,True,0,0.005821573591381519,0.197473805229329,False,2,0.2251512000002549
sev4,63,none,1.000000519748083,11.717147121206995,2.837594821261935,True,True,0,0.015536189401253644,0.2738613587397474,False,3,0.310582299998714
sev4,64,none,1.0000003750118325,11.754614868054738,3.432595649211992,False,False,-1,0.018505164940451978,0.9047316042115714,False,2,0.23536179999973683
sev4,65,none,1.0000006611535046,11.231115773650348,-2.9686122648869286,False,False,-1,0.012549583918594343,0.024340354887769422,False,3,0.317208300000857
sev4,66,none,1.0000001914598673,11.363924987577809,2.6175387456291563,False,False,-1,0.055250013596917016,0.8545972093704233,False,3,0.29606969999986177
sev4,67,none,1.0000007447451469,11.388643042531411,-4.0588656094218685,True,True,0,0.023761307889878933,0.10831866058065476,False,3,0.2878498000009131
sev4,68,none,1.0000007615040516,11.942317983229596,-4.022517552270707,False,False,-1,0.014216293480934042,0.6856863802286624,False,3,0.30321139999978186
sev4,69,none,1.0000005092334912,10.858758157170785,-4.068759563009011,True,True,0,0.0021372475326743154,0.27876459449246127,False,2,0.2037765999994008
sev4,70,none,1.000000547594714,9.434336086550642,-1.733379528720672,True,True,0,0.0007045455041491322,0.08090368622214417,False,3,0.31354490000012447
sev4,71,none,1.0000002852827907,10.576111955395714,-3.0639673259447,False,False,-1,0.04992288405046633,1.8967830559421763,False,2,0.21011640000142506
sev4,72,none,1.0000001028721974,10.568273047629088,2.104661039002396,True,True,0,0.0033902340012527464,0.3407290165021859,False,2,0.21711160000086238
sev4,73,none,1.0000000597880774,11.490661023574084,-2.226609467344112,True,True,0,0.0031108737239297743,0.17088137734327136,False,3,0.30689929999971355
sev4,74,none,1.0000004443336743,9.302000914192634,-2.482105650231356,True,True,0,0.005601058582735148,0.06569778523261771,False,3,0.3125495000003866
sev4,75,none,1.0000001612608749,11.897528332119354,-4.165681441489184,True,True,0,0.000586690350572689,0.40174941898897387,False,3,0.30886389999977837
sev4,76,none,1.0000000839533476,9.6765873742245,-0.6397388812895564,True,False,1,0.024347877974731584,0.2790591062916594,False,3,0.2939057999992656
sev4,77,none,1.0000009903666651,10.377842949888638,4.878118666503806,True,True,0,0.003399165983367633,0.5305945090023334,False,3,0.3072309999988647
sev4,78,none,1.0000009609779206,10.87584922946321,1.995015019792268,True,True,0,0.0007185867097295807,0.1721692502102552,False,1,0.14225770000120974
sev4,79,none,1.000000757701701,11.362407713440254,-1.400689992347992,True,False,1,0.014561731609441662,0.05316583484651982,False,2,0.22824049999871932
sev4,80,none,1.0000002996709756,10.81874608674914,-1.025338468399144,True,True,0,0.00713132061539656,0.32218568910232825,False,3,0.3159880000002886
sev4,81,none,1.0000009262773415,11.502581229047951,2.5337336529338472,False,False,-1,0.004906356599723505,0.23019836956636297,False,3,0.3068187000008038
sev4,82,none,1.000000676328012,9.769835261168629,2.5218495789616666,False,False,-1,0.045958992905591356,0.006014466038753774,False,3,0.3061214999997901
sev4,83,none,1.0000006818752538,9.882724392576968,-4.435592652710021,True,False,2,0.01468619852765181,0.01918478771128207,False,3,0.3014845999987301
sev4,84,none,1.000000130020499,11.880629650424892,3.0954928991050377,True,True,0,0.017135343268003433,0.15122098910587845,False,3,0.316465199999584
sev4,85,none,1.0000000202666042,9.236874478884172,2.730751721226766,False,False,-1,0.04179567643699642,0.31434385622802763,False,2,0.21758969999973488
sev4,86,none,1.0000005636171745,8.7420672041577,0.0143846407653107,True,True,0,0.002279924037719634,0.04134344923553058,False,3,0.3177981999997428
sev4,87,none,1.0000002421116263,10.533585626733242,2.5802782118683707,False,False,-1,0.01011380619890965,0.927802369369843,False,3,0.3054080999991129
sev4,88,none,1.0000007272644356,8.536667821749727,4.279759649832814,True,True,0,0.002618020648323453,0.11257537983029042,False,2,0.21822270000120625
sev4,89,none,1.0000002092404152,10.478226838147194,1.6567643871140048,True,True,0,0.004884018623842024,0.2317794328843128,False,3,0.31777250000050117
sev4,90,none,1.0000007131560371,11.766948924557568,-3.578372280265479,False,False,-1,0.012655356691222471,0.5226441902646384,False,3,0.3094013999998424
sev4,91,none,1.0000007204657837,10.594098977176357,-3.785332183776563,True,True,0,0.007567132877355201,0.04748354622091355,False,1,0.1478131999992911
sev4,92,none,1.000000582178856,9.618255147933064,-3.6022219677411496,True,True,0,0.006112941930471875,0.07435792274072917,False,3,0.30791510000017297
sev4,93,none,1.000000136807328,8.916224890969122,0.3309936726333076,False,False,-1,0.0027767485632857612,0.4424498526349899,False,2,0.2207154999996419
sev4,94,none,1.0000009163843764,11.740072429092123,-2.2254913192440795,True,True,0,0.009208326311013922,0.4615592967438693,False,3,0.31010649999916495
sev4,95,none,1.0000006554472696,8.35886973924618,-2.5553392090166294,True,True,0,0.023944296462600097,0.20859281348358083,False,2,0.23317889999998442
sev4,96,none,1.0000007120097711,10.73531453468425,-1.5167488410482397,True,False,1,0.002665733521221168,0.3160668889492366,False,2,0.21651350000138336
sev4,97,none,1.0000007588661826,10.838804110484617,2.713683329928463,False,False,-1,0.012049316202597922,1.1748604900698547,False,3,0.29811530000006314
sev4,98,none,1.0000003717168429,8.578268329433818,3.0172768068404423,False,False,-1,0.007499917752963852,1.4894127618400217,False,3,0.3144947000000684
sev4,99,none,1.0000007933409272,8.274414261691915,1.5778467445603497,False,False,-1,0.03439551413332764,0.18608527793986052,False,3,0.30137569999897096
sev4,100,none,1.0000003812749223,11.623750069854264,1.501223116099187,True,True,0,0.02080086522431485,0.13809710890291615,False,2,0.23203789999934088
sev4,101,none,1.0000007907991328,11.50628131835253,1.8997161403160727,False,False,-1,0.03582036541013121,0.44780801718539953,False,2,0.2184588000000076
sev4,102,none,1.0000006006272038,10.723217427370836,1.5438627810479597,False,False,-1,0.0011983856725830608,0.40040912895119907,False,3,0.3145927000005031
sev4,103,none,1.0000001662461906,10.84034939243704,3.8528338760321663,False,False,-1,0.026901035036427483,2.9642900560338488,False,3,0.31024190000061935
sev4,104,none,1.0000005615806031,10.005706270839688,-4.989900527966068,True,True,0,0.012618773427157663,0.045628617966908536,False,3,0.30671869999969203
sev4,105,none,1.0000008998665373,10.109483416211102,-0.0535730409872439,True,True,0,0.009451659375361358,0.002155049013597213,False,3,0.2809703000002628
sev4,106,none,1.0000007037862275,8.918827774570508,0.9082802390770536,True,True,0,0.0010088453939694306,0.07546450907957714,False,3,0.30259339999975055
sev4,107,none,1.0000003339948036,9.209811207765522,-4.662299033581984,True,False,1,0.007746276226471394,0.19180293266770043,False,2,0.22638450000158628
sev4,108,none,1.000000511804094,11.389349473196717,-0.1868826287012339,False,False,-1,0.005756742743108076,0.049185348798555906,False,3,0.30516759999954957
sev4,109,none,1.0000005826475051,11.358860405794266,2.5837408959649864,True,False,1,0.007229827367972248,0.013006856532700617,False,2,0.22033700000065437
sev4,110,none,1.0000001025926442,11.633647774244483,-2.8350778298162127,True,False,1,0.00909291146653552,0.015417717315161283,False,3,0.30620379999891156
sev4,111,none,1.0000005774092156,10.524275592356302,-2.8319764691465066,False,False,-1,0.033987177146291264,0.5287033058513906,False,2,0.23171569999976782
sev4,112,none,1.000000755814339,8.067635622557967,2.1918627325279854,True,True,0,0.003452793551641282,0.13613464252714458,False,3,0.3001856000009866
sev4,113,none,1.000000589796724,11.13702586972309,-4.575447524486536,True,True,0,0.0017052919868692745,0.13275640801283384,False,3,0.3076904999998078
sev4,114,none,1.0000001522631177,10.73219532939593,-3.458107469078602,True,False,1,0.000937308172988369,0.19436837341992597,False,3,0.30431139999927836
sev4,115,none,1.000000706882552,8.256367058387594,-4.385112467952791,True,True,0,0.000916258211283214,0.14275157704762975,False,2,0.22645819999888772
sev4,116,none,1.0000007423748236,8.196707054876583,-4.739910161006737,True,True,0,0.00990117001626321,0.20436174899242232,False,2,0.23436479999872972
sev4,117,none,1.0000006728438735,10.26748471265589,-3.1552899138973545,False,False,-1,0.04465238869222052,1.1709480073519098,False,3,0.3019030000014027
sev4,118,none,1.000000444915701,10.097338184523382,-0.6694356745634913,True,True,0,0.001035633842990565,0.26618342706117804,False,3,0.3025906999992003
sev4,119,none,1.0000003098801105,11.3449305053414,3.6933738152161606,True,False,1,0.012051777027427156,0.22123786021658098,False,2,0.22783909999998286
sev4,0,anscombe,1.000000366506393,9.499393919017605,4.24161551630672,False,False,-1,0.023448026040487662,0.466588416192649,False,3,0.3056213999989268
sev4,1,anscombe,1.0000000955861517,9.333881115961812,-3.901808297145797,True,False,2,0.011474529012383357,0.3739442521453764,False,3,0.3113033000008727
sev4,2,anscombe,1.0000006956560346,11.993929383778632,3.98909495201773,True,True,0,0.0006554487713988107,0.0448230420185709,False,3,0.3192648999993253
sev4,3,anscombe,1.000000826142039,11.485213843259793,-0.905948666052721,True,False,1,0.002351711611906483,0.2666284410506179,False,2,0.23065979999955744
sev4,4,anscombe,1.000000720977672,8.769754319955764,-3.779103159177404,False,False,-1,0.23056994230085412,0.16516875082175497,False,3,0.30256030000055034
sev4,5,anscombe,1.000000440029725,9.903859585274825,0.3349972592616019,True,True,0,0.006762873132716922,0.1371386957379775,False,2,0.22394170000006852
sev4,6,anscombe,1.0000006793506913,10.848779349227453,0.3940309537263173,True,False,1,0.01038931368215993,0.04650679622484516,False,2,0.2324943000003259
sev4,7,anscombe,1.0000005514897583,9.79374247731707,-1.843482418971432,False,False,-1,0.002982163317621774,1.3713464639718527,False,1,0.14258800000061456
sev4,8,anscombe,1.0000002242873212,11.034288631841273,-4.690565809161709,False,False,-1,0.030246205083447292,0.2537061008374506,False,2,0.22887100000116334
sev4,9,anscombe,1.0000008474071005,8.289560741494022,1.1733246545924612,True,True,0,0.006453027568332986,0.0487128570943538,False,3,0.32346920000054524
sev4,10,anscombe,1.0000000004159606,11.914387357246298,-0.1901274972520115,True,True,0,0.010289349008877713,0.1016685702486193,False,3,0.3270226000004186
sev4,11,anscombe,1.0000006325036197,8.052823704656543,-4.388925890316547,True,True,0,0.02794551931066713,0.5553460196826121,False,3,0.3139066999992792
sev4,12,anscombe,1.000000228264326,9.662844954035638,-1.5581095679581658,True,True,0,0.0003120093305288075,0.2615505445428856,False,2,0.22395829999913985
sev4,13,anscombe,1.0000007904262205,11.650814756776336,0.0523146798935449,True,True,0,0.0016178049277857053,0.0034134101072962122,False,3,0.31535040000017034
sev4,14,anscombe,1.0000001099284723,8.988436091033758,-0.8235474870100497,True,True,0,0.00026346224304035076,0.059615464509839455,False,3,0.31645120000030147
sev4,15,anscombe,1.0000001127595288,8.2168766514269,-3.7038239819085375,True,False,2,0.016300160770384826,0.3519041080923033,False,3,0.30990600000041013
sev4,16,anscombe,1.0000002113121207,8.239919547245862,-4.483574441441224,True,False,1,0.006295755675443271,0.1000176935600372,False,2,0.22851360000095156
sev4,17,anscombe,1.0000007813186391,11.631176242352188,0.6944427837381939,False,False,-1,6.790103438045115e-05,0.34691862623672176,False,3,0.31096179999985907
sev4,18,anscombe,1.000000656630308,10.47631097259501,2.2302010100057306,True,True,0,0.011665270978020243,0.46626898750552037,False,3,0.3262699999995675
sev4,19,anscombe,1.0000008977703092,8.534553723225692,2.879836269795641,True,True,0,0.006131230506789717,0.24477552770246636,False,2,0.22782189999998081
sev4,20,anscombe,1.0000009172413344,8.400793878206692,3.8527732448079206,True,True,0,0.002241200918573854,0.09149866519123862,False,3,0.30992239999977755
sev4,21,anscombe,1.0000000659454171,9.53180096373996,1.6604968458875948,True,True,0,0.0010486060083182223,0.3129726883861226,False,3,0.3156184999988909
sev4,22,anscombe,1.0000009096962057,9.162193489985889,2.4295108144722475,True,True,0,0.003142207777060296,0.26232654446972425,False,3,0.32464949999848614
sev4,23,anscombe,1.0000000062034102,11.625952490531445,2.889931318693451,True,False,1,0.0005172497241458767,0.0013874986951334378,False,2,0.22476739999910933
sev4,24,anscombe,1.000000668352771,9.409505060777,-1.2413521487162047,True,True,0,0.019912748286672236,0.07416787871368102,False,2,0.22692170000118494
sev4,25,anscombe,1.000000794961315,10.881681763058502,2.466941532323803,True,True,0,0.0012541971549782974,0.1855343101747251,False,2,0.24573349999991478
sev4,26,anscombe,1.0000004475924231,9.857368918799777,3.0820406992154226,True,True,0,0.004905155201467041,0.609904744215843,False,3,0.3144147000002704
sev4,27,anscombe,1.0000004400540825,9.335883712220207,-2.142016516387088,True,True,0,0.0019514225531353777,0.017404718888980764,False,1,0.14778090000072552
sev4,28,anscombe,1.0000000549613002,8.281367972987908,3.9422564703454928,False,False,-1,0.0016563687221205438,1.1783244478452826,False,3,0.31744780000008177
sev4,29,anscombe,1.0000000536947422,8.922497220096998,-1.469136616191352,True,True,0,0.0020718174600736013,0.23306863869156214,False,2,0.21868700000050012
sev4,30,anscombe,1.000000009067043,9.01168692614377,-4.690074514461608,True,True,0,0.004388853215644883,0.1277686157125535,False,2,0.23041079999893554
sev4,31,anscombe,1.0000009681228217,9.216413684423054,-1.9937488283608653,True,True,0,0.013070957866824046,0.4783871266387143,False,3,0.30564009999943664
sev4,32,anscombe,1.0000007271054268,8.486440025914757,4.955952037708013,True,True,0,0.01019379041108314,0.011680127708853405,False,3,0.32180650000009337
sev4,33,anscombe,1.0000008469675277,10.659757327758772,4.045964478170687,True,True,0,0.01107968161095844,0.15742065817236917,False,3,0.30886610000015935
sev4,34,anscombe,1.0000004231348036,9.756531059232165,4.144179771005549,True,True,0,0.015623287832230423,0.1999078610063898,False,3,0.3050327999990259
sev4,35,anscombe,1.0000009108215155,8.393375075959025,4.4031338657126255,True,True,0,0.005070905767735228,0.30507006678674387,False,3,0.3066259999995964
sev4,36,anscombe,1.0000004649237482,11.75775101273976,-1.5817287768724455,True,True,0,0.0028955413942668017,0.5260006868716043,False,3,0.30367630000000645
sev4,37,anscombe,1.0000004256867787,11.417079489646154,-0.4791555904595599,True,True,0,0.009464985802122731,0.0487084545408607,False,2,0.21229200000016135
sev4,38,anscombe,1.0000000378212337,9.334066067297634,-0.9862296998447312,True,True,0,0.004528573024043463,0.18095457015779248,False,2,0.23000820000015665
sev4,39,anscombe,1.00000081549147,10.860222330277985,0.053615383011607,False,False,-1,0.000563557894320308,0.00211270698923411,False,3,0.32507519999853685
sev4,40,anscombe,1.0000003592473727,9.895268824774195,-2.2094696672501435,True,True,0,0.008716471672129331,0.6101904452509079,False,3,0.3171708999998373
sev4,41,anscombe,1.0000000801188913,9.880462390712031,-3.733017623340893,True,True,0,0.016024192942759828,0.2112542866582663,False,3,0.28987749999942025
sev4,42,anscombe,1.000000092405241,11.604882270634112,-4.5749390480670415,True,False,1,6.723931929944762e-05,0.28314298056641096,False,3,0.3121900000005553
sev4,43,anscombe,1.0000008805887604,9.121269363785942,-4.278429623793311,True,True,0,0.009879810672975357,0.6948374887920497,False,2,0.21785389999968174
sev4,44,anscombe,1.0000009406095238,9.33854713036997,-0.7019051329789736,False,False,-1,0.02659698378699028,0.8690894029814972,False,3,0.32736000000113563
sev4,45,anscombe,1.000000029067204,11.148588240507983,-4.561557571636189,False,False,-1,0.020933392256263634,1.7418974591351373,False,3,0.34340980000160926
sev4,46,anscombe,1.0000004918782008,11.013119425604035,-2.1802790244115986,True,True,0,0.0013388231641351211,0.291856930587981,False,3,0.3272843000013381
sev4,47,anscombe,1.0000004511761236,9.108452437796936,4.759578545164768,True,True,0,0.0025815113614246505,0.060081567336283115,False,3,0.302743799999007
sev4,48,anscombe,1.0000006643274075,8.907122523263299,3.558400474892972,True,True,0,0.012947666933003633,0.49732761510786894,False,3,0.3013425000008283
sev4,49,anscombe,1.0000007247499654,11.246417234420964,3.9365434885047854,True,False,1,0.0009202270114520323,0.10372775850730864,False,3,0.317526300001191
sev4,50,anscombe,1.0000005574577275,8.6363007488068,4.899907111725309,True,True,0,0.0014920959439030023,0.009922944525216693,False,3,0.29957439999998314
sev4,51,anscombe,1.0000009778007406,11.030876520491807,-0.7097157762022466,True,True,0,0.006886260781310674,0.23455613379691231,False,2,0.23828909999974712
sev4,52,anscombe,1.0000009954648934,11.017652741217676,4.224894053796772,True,False,1,0.0021913312072936665,0.2806221437976131,False,2,0.24563010000019858
sev4,53,anscombe,1.0000008663568147,11.594406786291366,-1.956520129366096,True,False,1,0.017024526122599738,0.4286560843656755,False,3,0.3057416999999987
sev4,54,anscombe,1.0000003119992946,9.543235530232016,1.5842111788674398,True,True,0,0.012174544654075997,0.12399275363192941,False,3,0.2985241999995196
sev4,55,anscombe,1.0000005955855729,8.99017749858496,-3.3958941024218547,True,True,0,0.005472026883523588,0.563078372424378,False,3,0.31513859999904525
sev4,56,anscombe,1.000000968891917,8.676220272377563,4.970007674913827,True,True,0,0.0015100252577314455,0.6224835174123546,False,3,0.31286720000025525
sev4,57,anscombe,1.0000003630840044,9.914882650105303,-0.7351951037689037,True,False,1,0.01908437273762085,0.44339903626827293,False,3,0.30446909999955096
sev4,58,anscombe,1.0000009622177302,8.83784546139443,-3.2250866390964528,True,True,0,0.011669987292847562,0.169358549095612,False,3,0.322915999999168
sev4,59,anscombe,1.0000004028644234,8.485425673134747,-2.574792849938138,True,True,0,0.008908877385322108,0.008799285063123552,False,3,0.313619500000641
sev4,60,anscombe,1.00000061569266,11.871610252766557,1.9481036578685504,True,True,0,0.002771169514535748,0.0038317478693916662,False,3,0.31522969999969064
sev4,61,anscombe,1.0000006476408088,11.44632572359396,-3.1911772362577384,False,False,-1,0.00590637559499951,0.30263341625942086,False,3,0.3191738000004989
sev4,62,anscombe,1.0000009545083066,11.4057366199029,4.51073012727004,True,True,0,0.005821573591381519,0.10730386147985449,False,2,0.22416660000089905
sev4,63,anscombe,1.000000519748083,11.717147121206995,2.837594821261935,True,True,0,0.015536189401253644,0.2738613587397474,False,3,0.3124270999996952
sev4,64,anscombe,1.0000003750118325,11.754614868054738,3.432595649211992,False,False,-1,0.018505164940451978,0.9047316042115714,False,2,0.23159169999962614
sev4,65,anscombe,1.0000006611535046,11.231115773650348,-2.9686122648869286,False,False,-1,0.012549583918594343,0.024340354887769422,False,3,0.3124485000007553
sev4,66,anscombe,1.0000001914598673,11.363924987577809,2.6175387456291563,False,False,-1,0.04486328639844283,0.21527698436832043,False,3,0.3188867000008031
sev4,67,anscombe,1.0000007447451469,11.388643042531411,-4.0588656094218685,True,True,0,0.023761307889878933,0.1145936994227097,False,3,0.2940751000005548
sev4,68,anscombe,1.0000007615040516,11.942317983229596,-4.022517552270707,False,False,-1,0.014216293480934042,0.9667894622698663,False,3,0.3082903000013175
sev4,69,anscombe,1.0000005092334912,10.858758157170785,-4.068759563009011,True,True,0,0.0021372475326743154,0.013031473008170202,False,2,0.20652179999888176
sev4,70,anscombe,1.000000547594714,9.434336086550642,-1.733379528720672,True,True,0,0.0007045455041491322,0.1497873937194103,False,2,0.22488870000051975
sev4,71,anscombe,1.0000002852827907,10.576111955395714,-3.0639673259447,False,False,-1,0.04992288405046633,1.8967830559421763,False,2,0.21124480000071344
sev4,72,anscombe,1.0000001028721974,10.568273047629088,2.104661039002396,True,True,0,0.0033902340012527464,0.06252323100012713,False,2,0.22052120000080322
sev4,73,anscombe,1.0000000597880774,11.490661023574084,-2.226609467344112,True,True,0,0.0031108737239297743,0.17088137734327136,False,3,0.3115207000009832
sev4,74,anscombe,1.0000004443336743,9.302000914192634,-2.482105650231356,True,True,0,0.005601058582735148,0.06569778523261771,False,3,0.31434019999869633
sev4,75,anscombe,1.0000001612608749,11.897528332119354,-4.165681441489184,True,True,0,0.0017576917645889419,0.3328657114917073,False,3,0.32118589999845426
sev4,76,anscombe,1.0000000839533476,9.6765873742245,-0.6397388812895564,True,False,1,0.024347877974731584,0.2790591062916594,False,3,0.3031607000011718
sev4,77,anscombe,1.0000009903666651,10.377842949888638,4.878118666503806,True,True,0,0.003399165983367633,0.6420506890040159,False,3,0.30210190000070725
sev4,78,anscombe,1.0000009609779206,10.87584922946321,1.995015019792268,True,True,0,0.0007185867097295807,0.1721692502102552,False,2,0.23922469999888563
sev4,79,anscombe,1.000000757701701,11.362407713440254,-1.400689992347992,True,False,1,0.018529638149303675,0.16462201484820227,False,2,0.2285887999987608
sev4,80,anscombe,1.0000002996709756,10.81874608674914,-1.025338468399144,True,True,0,0.00713132061539656,0.08106655839998511,False,3,0.30520899999828544
sev4,81,anscombe,1.0000009262773415,11.502581229047951,2.5337336529338472,True,True,0,0.004906356599723505,0.04985848206741439,False,3,0.31235519999972894
sev4,82,anscombe,1.000000676328012,9.769835261168629,2.5218495789616666,False,False,-1,0.045958992905591356,0.006014466038753774,False,3,0.3126382000009471
sev4,83,anscombe,1.0000006818752538,9.882724392576968,-4.435592652710021,True,False,2,0.01468619852765181,0.01918478771128207,False,3,0.30213849999927334
sev4,84,anscombe,1.000000130020499,11.880629650424892,3.0954928991050377,True,True,0,0.00982251205183455,0.03976480910419644,False,3,0.3098978999987594
sev4,85,anscombe,1.0000000202666042,9.236874478884172,2.730751721226766,False,False,-1,0.03203372243885492,0.39386007627134134,False,2,0.21764429999893764
sev4,86,anscombe,1.0000005636171745,8.7420672041577,0.0143846407653107,True,True,0,0.002279924037719634,0.04134344923553058,False,3,0.3624206000004051
sev4,87,anscombe,1.0000002421116263,10.533585626733242,2.5802782118683707,False,False,-1,0.01011380619890965,0.927802369369843,False,3,0.30661639999925683
sev4,88,anscombe,1.0000007272644356,8.536667821749727,4.279759649832814,True,True,0,0.002618020648323453,0.11257537983029042,False,2,0.21921029999975872
sev4,89,anscombe,1.0000002092404152,10.478226838147194,1.6567643871140048,True,True,0,0.003554402199668916,0.39896370288683647,False,3,0.3082793000012316
sev4,90,anscombe,1.0000007131560371,11.766948924557568,-3.578372280265479,False,False,-1,0.012655356691222471,0.4537604827673718,False,3,0.31859239999903366
sev4,91,anscombe,1.0000007204657837,10.594098977176357,-3.785332183776563,True,True,0,0.007567132877355201,0.04748354622091355,False,1,0.16438279999965744
sev4,92,anscombe,1.000000582178856,9.618255147933064,-3.6022219677411496,True,True,0,0.004664444018331944,0.050253874757378636,False,3,0.3565061000008427
sev4,93,anscombe,1.000000136807328,8.916224890969122,0.3309936726333076,True,True,0,0.0027767485632857612,0.2752655826324665,False,3,0.3122703000008187
sev4,94,anscombe,1.0000009163843764,11.740072429092123,-2.2254913192440795,True,True,0,0.0027657458709354752,0.06630474825655108,False,3,0.30689890000030573
sev4,95,anscombe,1.0000006554472696,8.35886973924618,-2.5553392090166294,True,True,0,0.023944296462600097,0.20859281348358083,False,3,0.313779500000237
sev4,96,anscombe,1.0000007120097711,10.73531453468425,-1.5167488410482397,True,False,1,7.018358084488113e-05,0.044612886048660316,False,3,0.3125564000001759
sev4,97,anscombe,1.0000007588661826,10.838804110484617,2.713683329928463,False,False,-1,0.0027481921258136186,0.7584526250711168,False,3,0.2990239999999176
sev4,98,anscombe,1.0000003717168429,8.578268329433818,3.0172768068404423,False,False,-1,0.013996344288098704,2.0730048968412835,False,3,0.3212021999988792
sev4,99,anscombe,1.0000007933409272,8.274414261691915,1.5778467445603497,False,False,-1,0.03439551413332764,0.18608527793986052,False,3,0.30321059999914723
sev4,100,anscombe,1.0000003812749223,11.623750069854264,1.501223116099187,True,True,0,0.013043476842115657,0.08481525110044874,False,2,0.21371069999986503
sev4,101,anscombe,1.0000007907991328,11.50628131835253,1.8997161403160727,False,False,-1,0.03582036541013121,0.5166917246826657,False,2,0.2235715999995591
sev4,102,anscombe,1.0000006006272038,10.723217427370836,1.5438627810479597,True,True,0,0.0011983856725830608,0.5118653089528811,False,3,0.3224836999997933
sev4,103,anscombe,1.0000001662461906,10.84034939243704,3.8528338760321663,False,False,-1,0.027540931950468427,2.033173763531115,False,3,0.2820011000003433
sev4,104,anscombe,1.0000005615806031,10.005706270839688,-4.989900527966068,True,True,0,0.012618773427157663,0.045628617966908536,False,3,0.313720000000103
sev4,105,anscombe,1.0000008998665373,10.109483416211102,-0.0535730409872439,True,True,0,0.009451659375361358,0.002155049013597213,False,3,0.2925892000002932
sev4,106,anscombe,1.0000007037862275,8.918827774570508,0.9082802390770536,True,True,0,0.0010088453939694306,0.07546450907957714,False,3,0.3159355999996478
sev4,107,anscombe,1.0000003339948036,9.209811207765522,-4.662299033581984,True,False,1,0.008901904489201726,0.2475310226685412,False,2,0.22905700000046636
sev4,108,anscombe,1.000000511804094,11.389349473196717,-0.1868826287012339,False,False,-1,0.035335345117911886,0.006542741202285429,False,3,0.31166579999990063
sev4,109,anscombe,1.0000005826475051,11.358860405794266,2.5837408959649864,True,False,1,0.007229827367972248,0.05587685096456596,False,2,0.2301913000010245
sev4,110,anscombe,1.0000001025926442,11.633647774244483,-2.8350778298162127,True,False,1,0.01193905079371417,0.05346599018210485,False,3,0.3080277000008209
sev4,111,anscombe,1.0000005774092156,10.524275592356302,-2.8319764691465066,False,False,-1,0.033987177146291264,0.1122954408526522,False,2,0.22138700000141398
sev4,112,anscombe,1.000000755814339,8.067635622557967,2.1918627325279854,True,True,0,0.003452793551641282,0.067250935029878,False,3,0.3053737000009278
sev4,113,anscombe,1.000000589796724,11.13702586972309,-4.575447524486536,True,True,0,0.014805560896807875,0.19348151323643048,False,3,0.3093678000004729
sev4,114,anscombe,1.0000001522631177,10.73219532939593,-3.458107469078602,True,False,1,0.015253422000808795,0.5138355590794426,False,3,0.3047380999996676
sev4,115,anscombe,1.000000706882552,8.256367058387594,-4.385112467952791,True,True,0,0.009751744371149167,0.23292152079710426,False,2,0.2271863999994821
sev4,116,anscombe,1.0000007423748236,8.196707054876583,-4.739910161006737,True,True,0,0.00990117001626321,0.05846371524210703,False,3,0.3156123999997362
sev4,117,anscombe,1.0000006728438735,10.26748471265589,-3.1552899138973545,False,False,-1,0.03451339465784259,2.030678116399247,False,3,0.29288219999943976
sev4,118,anscombe,1.000000444915701,10.097338184523382,-0.6694356745634913,True,True,0,0.001035633842990565,0.01695983206496343,False,3,0.29837550000047486
sev4,119,anscombe,1.0000003098801105,11.3449305053414,3.6933738152161606,True,False,1,0.012051777027427156,0.10978168021489898,False,2,0.235092100001566
sev4,0,gat,1.000000366506393,9.499393919017605,4.24161551630672,False,False,-1,0.023448026040487662,0.466588416192649,False,3,0.4717564999991737
sev4,1,gat,1.0000000955861517,9.333881115961812,-3.901808297145797,True,False,2,0.011474529012383357,0.3739442521453764,False,3,0.48062260000006063
sev4,2,gat,1.0000006956560346,11.993929383778632,3.98909495201773,True,True,0,0.0006554487713988107,0.0448230420185709,False,3,0.4904487000003428
sev4,3,gat,1.000000826142039,11.485213843259793,-0.905948666052721,True,False,1,0.002351711611906483,0.2666284410506179,False,2,0.352690600000642
sev4,4,gat,1.000000720977672,8.769754319955764,-3.779103159177404,False,False,-1,0.23056994230085412,0.16516875082175497,False,3,0.4761164999999892
sev4,5,gat,1.000000440029725,9.903859585274825,0.3349972592616019,True,True,0,0.006762873132716922,0.1371386957379775,False,2,0.3354779999990569
sev4,6,gat,1.0000006793506913,10.848779349227453,0.3940309537263173,True,False,1,0.01038931368215993,0.04650679622484516,False,2,0.351878299999953
sev4,7,gat,1.0000005514897583,9.79374247731707,-1.843482418971432,False,False,-1,0.002982163317621774,1.2598902839701704,False,1,0.20233029999872088
sev4,8,gat,1.0000002242873212,11.034288631841273,-4.690565809161709,False,False,-1,0.030246205083447292,0.2537061008374506,False,2,0.34363219999977446
sev4,9,gat,1.0000008474071005,8.289560741494022,1.1733246545924612,True,True,0,0.006453027568332986,0.0487128570943538,False,3,0.49364390000118874
sev4,10,gat,1.0000000004159606,11.914387357246298,-0.1901274972520115,True,True,0,0.010289349008877713,0.1016685702486193,False,3,0.4822958999993716
sev4,11,gat,1.0000006325036197,8.052823704656543,-4.388925890316547,True,True,0,0.02794551931066713,0.5553460196826121,False,3,0.48602279999977327
sev4,12,gat,1.000000228264326,9.662844954035638,-1.5581095679581658,True,True,0,0.0003120093305288075,0.2615505445428856,False,2,0.34100170000056096
sev4,13,gat,1.0000007904262205,11.650814756776336,0.0523146798935449,True,True,0,0.0016178049277857053,0.0034134101072962122,False,3,0.49332630000026256
sev4,14,gat,1.0000001099284723,8.988436091033758,-0.8235474870100497,True,True,0,0.00026346224304035076,0.12072442298910924,False,3,0.46980620000067574
sev4,15,gat,1.0000001127595288,8.2168766514269,-3.7038239819085375,True,False,2,0.016300160770384826,0.3519041080923033,False,3,0.47891449999951874
sev4,16,gat,1.0000002113121207,8.239919547245862,-4.483574441441224,True,False,1,0.006295755675443271,0.1000176935600372,False,2,0.34860550000121293
sev4,17,gat,1.0000007813186391,11.631176242352188,0.6944427837381939,False,False,-1,6.790103438045115e-05,0.34691862623672176,False,3,0.47464659999968717
sev4,18,gat,1.000000656630308,10.47631097259501,2.2302010100057306,True,True,0,0.011665270978020243,0.46626898750552037,False,3,0.4891826000002766
sev4,19,gat,1.0000008977703092,8.534553723225692,2.879836269795641,True,True,0,0.006131230506789717,0.24477552770246636,False,2,0.3462407999995776
sev4,20,gat,1.0000009172413344,8.400793878206692,3.8527732448079206,True,True,0,0.002241200918573854,0.09149866519123862,False,3,0.47854560000087076
sev4,21,gat,1.0000000659454171,9.53180096373996,1.6604968458875948,True,True,0,0.0010486060083182223,0.3129726883861226,False,3,0.4870686000012938
sev4,22,gat,1.0000009096962057,9.162193489985889,2.4295108144722475,True,True,0,0.003142207777060296,0.26232654446972425,False,3,0.49342199999955483
sev4,23,gat,1.0000000062034102,11.625952490531445,2.889931318693451,True,False,1,0.012032090544459162,0.0013874986951334378,False,2,0.3468143999998574
sev4,24,gat,1.000000668352771,9.409505060777,-1.2413521487162047,True,True,0,0.019912748286672236,0.07416787871368102,False,2,0.33270269999957236
sev4,25,gat,1.000000794961315,10.881681763058502,2.466941532323803,True,True,0,0.0012541971549782974,0.1855343101747251,False,2,0.35246120000010706
sev4,26,gat,1.0000004475924231,9.857368918799777,3.0820406992154226,True,True,0,0.004905155201467041,0.609904744215843,False,3,0.4821814999995695
sev4,27,gat,1.0000004400540825,9.335883712220207,-2.142016516387088,True,True,0,0.0019514225531353777,0.017404718888980764,False,1,0.21317760000056296
sev4,28,gat,1.0000000549613002,8.281367972987908,3.9422564703454928,False,False,-1,0.00042310980491593644,1.0668682678436001,False,3,0.49277340000116965
sev4,29,gat,1.0000000536947422,8.922497220096998,-1.469136616191352,True,True,0,0.0020718174600736013,0.23306863869156214,False,2,0.33432770000035816
sev4,30,gat,1.000000009067043,9.01168692614377,-4.690074514461608,True,True,0,0.004388853215644883,0.1277686157125535,False,2,0.3492945000016334
sev4,31,gat,1.0000009681228217,9.216413684423054,-1.9937488283608653,True,True,0,0.013070957866824046,0.4783871266387143,False,3,0.4821004000004905
sev4,32,gat,1.0000007271054268,8.486440025914757,4.955952037708013,True,True,0,0.01019379041108314,0.011680127708853405,False,3,0.48512080000000424
sev4,33,gat,1.0000008469675277,10.659757327758772,4.045964478170687,True,True,0,0.01107968161095844,0.15742065817236917,False,3,0.4845922000004066
sev4,34,gat,1.0000004231348036,9.756531059232165,4.144179771005549,True,True,0,0.015623287832230423,0.19990786100638935,False,3,0.48161869999967166
sev4,35,gat,1.0000009108215155,8.393375075959025,4.4031338657126255,True,True,0,0.005070905767735228,0.30507006678674387,False,3,0.4769336999997904
sev4,36,gat,1.0000004649237482,11.75775101273976,-1.5817287768724455,True,True,0,0.0028955413942668017,0.45711697937433815,False,3,0.49409660000128497
sev4,37,gat,1.0000004256867787,11.417079489646154,-0.4791555904595599,True,True,0,0.009464985802122731,0.0487084545408607,False,2,0.3307387999993807
sev4,38,gat,1.0000000378212337,9.334066067297634,-0.9862296998447312,True,True,0,0.004528573024043463,0.18095457015779248,False,2,0.3460087999992538
sev4,39,gat,1.00000081549147,10.860222330277985,0.053615383011607,False,False,-1,0.000563557894320308,0.00211270698923411,False,3,0.4984242999998969
sev4,40,gat,1.0000003592473727,9.895268824774195,-2.2094696672501435,True,True,0,0.008716471672129331,0.6101904452509079,False,3,0.4920345000009547
sev4,41,gat,1.0000000801188913,9.880462390712031,-3.733017623340893,True,True,0,0.016024192942759828,0.2112542866582663,False,3,0.46166319999974803
sev4,42,gat,1.000000092405241,11.604882270634112,-4.5749390480670415,True,True,0,0.006218823320021984,0.28314298056641096,False,3,0.47470699999939825
sev4,43,gat,1.0000008805887604,9.121269363785942,-4.278429623793311,True,True,0,0.009879810672975357,0.6948374887920497,False,2,0.33465570000043954
sev4,44,gat,1.0000009406095238,9.33854713036997,-0.7019051329789736,False,False,-1,0.02659698378699028,0.8690894029814972,False,3,0.511455299998488
sev4,45,gat,1.000000029067204,11.148588240507983,-4.561557571636189,False,False,-1,0.020933392256263634,1.9648098191385017,False,3,0.49478330000056303
sev4,46,gat,1.0000004918782008,11.013119425604035,-2.1802790244115986,True,True,0,0.0013388231641351211,0.291856930587981,False,3,0.49017410000124073
sev4,47,gat,1.0000004511761236,9.108452437796936,4.759578545164768,True,True,0,0.0025815113614246505,0.060081567336283115,False,3,0.47284469999976864
sev4,48,gat,1.0000006643274075,8.907122523263299,3.558400474892972,True,True,0,0.012947666933003633,0.49732761510786894,False,3,0.4685434000002715
sev4,49,gat,1.0000007247499654,11.246417234420964,3.9365434885047854,True,False,1,0.0009202270114520323,0.10372775850730864,False,3,0.4921223999990616
sev4,50,gat,1.0000005574577275,8.6363007488068,4.899907111725309,True,True,0,0.0014920959439030023,0.009922944525216693,False,3,0.47329999999965366
sev4,51,gat,1.0000009778007406,11.030876520491807,-0.7097157762022466,True,True,0,0.006886260781310674,0.2345561337969122,False,2,0.3598645999991277
sev4,52,gat,1.0000009954648934,11.017652741217676,4.224894053796772,True,False,1,0.0021913312072936665,0.2806221437976131,False,2,0.3447857999999542
sev4,53,gat,1.0000008663568147,11.594406786291366,-1.956520129366096,True,False,1,0.017024526122599738,0.4286560843656755,False,3,0.48535399999855144
sev4,54,gat,1.0000003119992946,9.543235530232016,1.5842111788674398,True,True,0,0.012174544654075997,0.12399275363192941,False,3,0.47909859999890614
sev4,55,gat,1.0000005955855729,8.99017749858496,-3.3958941024218547,True,True,0,0.005472026883523588,0.563078372424378,False,3,0.4848554000000149
sev4,56,gat,1.000000968891917,8.676220272377563,4.970007674913827,True,True,0,0.0015100252577314455,0.6224835174123546,False,3,0.4872374000005948
sev4,57,gat,1.0000003630840044,9.914882650105303,-0.7351951037689037,True,False,1,0.01908437273762085,0.44339903626827293,False,3,0.4712705999991158
sev4,58,gat,1.0000009622177302,8.83784546139443,-3.2250866390964528,True,True,0,0.011669987292847562,0.169358549095612,False,3,0.4810484000008728
sev4,59,gat,1.0000004028644234,8.485425673134747,-2.574792849938138,True,True,0,0.008908877385322108,0.008799285063123552,False,3,0.47760139999991225
sev4,60,gat,1.00000061569266,11.871610252766557,1.9481036578685504,True,True,0,0.002771169514535748,0.0038317478693916662,False,3,0.48598169999968377
sev4,61,gat,1.0000006476408088,11.44632572359396,-3.1911772362577384,False,False,-1,0.00590637559499951,0.30263341625942086,False,3,0.5081907999992836
sev4,62,gat,1.0000009545083066,11.4057366199029,4.51073012727004,True,True,0,0.005821573591381519,0.10730386147985449,False,2,0.3452335000001767
sev4,63,gat,1.000000519748083,11.717147121206995,2.837594821261935,True,True,0,0.015536189401253644,0.2738613587397474,False,3,0.4824172999997245
sev4,64,gat,1.0000003750118325,11.754614868054738,3.432595649211992,False,False,-1,0.018505164940451978,0.9047316042115714,False,2,0.3556816999989678
sev4,65,gat,1.0000006611535046,11.231115773650348,-2.9686122648869286,False,False,-1,0.012549583918594343,0.024340354887769422,False,3,0.48201090000111435
sev4,66,gat,1.0000001914598673,11.363924987577809,2.6175387456291563,False,False,-1,0.055250013596917016,1.145402790629577,False,3,0.4918787999995402
sev4,67,gat,1.0000007447451469,11.388643042531411,-4.0588656094218685,True,True,0,0.023761307889878933,0.1145936994227097,False,3,0.4792507000001933
sev4,68,gat,1.0000007615040516,11.942317983229596,-4.022517552270707,False,False,-1,0.014216293480934042,0.9667894622698663,False,3,0.4734039000013581
sev4,69,gat,1.0000005092334912,10.858758157170785,-4.068759563009011,True,True,0,0.0021372475326743154,0.013031473008170202,False,2,0.32281979999970645
sev4,70,gat,1.000000547594714,9.434336086550642,-1.733379528720672,True,True,0,0.0007045455041491322,0.1497873937194103,False,2,0.3399508999991667
sev4,71,gat,1.0000002852827907,10.576111955395714,-3.0639673259447,False,False,-1,0.04992288405046633,1.8967830559421763,False,2,0.3259237000002031
sev4,72,gat,1.0000001028721974,10.568273047629088,2.104661039002396,True,True,0,0.0033902340012527464,0.06252323100012713,False,2,0.333882499999163
sev4,73,gat,1.0000000597880774,11.490661023574084,-2.226609467344112,True,True,0,0.0031108737239297743,0.17088137734327136,False,3,0.47740759999942384
sev4,74,gat,1.0000004443336743,9.302000914192634,-2.482105650231356,True,True,0,0.005601058582735148,0.06569778523261771,False,3,0.4824936999993952
sev4,75,gat,1.0000001612608749,11.897528332119354,-4.165681441489184,True,True,0,0.000586690350572689,0.3328657114917073,False,3,0.4950267000003805
sev4,76,gat,1.0000000839533476,9.6765873742245,-0.6397388812895564,True,False,1,0.024347877974731584,0.2790591062916594,False,3,0.48316930000146385
sev4,77,gat,1.0000009903666651,10.377842949888638,4.878118666503806,True,True,0,0.003399165983367633,0.6420506890040159,False,3,0.47067450000031386
sev4,78,gat,1.0000009609779206,10.87584922946321,1.995015019792268,True,True,0,0.0007185867097295807,0.1721692502102552,False,2,0.34704519999831973
sev4,79,gat,1.000000757701701,11.362407713440254,-1.400689992347992,True,False,1,0.018529638149303675,0.16462201484820227,False,2,0.34652549999918847
sev4,80,gat,1.0000002996709756,10.81874608674914,-1.025338468399144,True,True,0,0.00713132061539656,0.08106655839998511,False,3,0.4728895999996894
sev4,81,gat,1.0000009262773415,11.502581229047951,2.5337336529338472,True,True,0,0.004906356599723505,0.04985848206741439,False,3,0.484467999998742
sev4,82,gat,1.000000676328012,9.769835261168629,2.5218495789616666,False,False,-1,0.045958992905591356,0.006014466038753774,False,3,0.4709557999995013
sev4,83,gat,1.0000006818752538,9.882724392576968,-4.435592652710021,True,False,2,0.01468619852765181,0.01918478771128207,False,3,0.47913920000064536
sev4,84,gat,1.000000130020499,11.880629650424892,3.0954928991050377,True,True,0,0.00982251205183455,0.03976480910419644,False,3,0.4834143000007316
sev4,85,gat,1.0000000202666042,9.236874478884172,2.730751721226766,False,False,-1,0.04179567643699642,0.4946837437269762,False,2,0.33473939999930735
sev4,86,gat,1.0000005636171745,8.7420672041577,0.0143846407653107,True,True,0,0.002279924037719634,0.04134344923553058,False,3,0.4841768999995111
sev4,87,gat,1.0000002421116263,10.533585626733242,2.5802782118683707,False,False,-1,0.01011380619890965,0.927802369369843,False,3,0.47409090000110155
sev4,88,gat,1.0000007272644356,8.536667821749727,4.279759649832814,True,True,0,0.002618020648323453,0.11257537983029042,False,2,0.3369006000011723
sev4,89,gat,1.0000002092404152,10.478226838147194,1.6567643871140048,True,True,0,0.003554402199668916,0.39896370288683647,False,3,0.4784675999999308
sev4,90,gat,1.0000007131560371,11.766948924557568,-3.578372280265479,False,False,-1,0.012655356691222471,0.4537604827673718,False,3,0.4739740000004531
sev4,91,gat,1.0000007204657837,10.594098977176357,-3.785332183776563,True,True,0,0.007567132877355201,0.04748354622091355,False,1,0.21610820000023523
sev4,92,gat,1.000000582178856,9.618255147933064,-3.6022219677411496,True,True,0,0.004664444018331944,0.050253874757378636,False,3,0.4865802000003896
sev4,93,gat,1.000000136807328,8.916224890969122,0.3309936726333076,True,True,0,0.0027767485632857612,0.2752655826324665,False,3,0.47121899999910966
sev4,94,gat,1.0000009163843764,11.740072429092123,-2.2254913192440795,True,True,0,0.0027657458709354752,0.06630474825655108,False,3,0.47604429999955755
sev4,95,gat,1.0000006554472696,8.35886973924618,-2.5553392090166294,True,True,0,0.023944296462600097,0.20859281348358083,False,3,0.4793731999998272
sev4,96,gat,1.0000007120097711,10.73531453468425,-1.5167488410482397,True,False,1,7.018358084488113e-05,0.044612886048660316,False,3,0.48075729999982286
sev4,97,gat,1.0000007588661826,10.838804110484617,2.713683329928463,False,False,-1,0.0027481921258136186,0.7584526250711168,False,3,0.477584599999318
sev4,98,gat,1.0000003717168429,8.578268329433818,3.0172768068404423,False,False,-1,0.006259734453868592,1.892665009342335,False,3,0.48930599999948754
sev4,99,gat,1.0000007933409272,8.274414261691915,1.5778467445603497,False,False,-1,0.03439551413332764,0.18608527793986052,False,3,0.47321719999854395
sev4,100,gat,1.0000003812749223,11.623750069854264,1.501223116099187,True,True,0,0.013043476842115657,0.08481525110044874,False,2,0.32697709999956714
sev4,101,gat,1.0000007907991328,11.50628131835253,1.8997161403160727,False,False,-1,0.03582036541013121,0.5166917246826657,False,2,0.3368356999999378
sev4,102,gat,1.0000006006272038,10.723217427370836,1.5438627810479597,True,True,0,0.0011983856725830608,0.5118653089528811,False,3,0.48621599999933096
sev4,103,gat,1.0000001662461906,10.84034939243704,3.8528338760321663,False,False,-1,0.027540931950468427,2.033173763531115,False,3,0.4441819999992731
sev4,104,gat,1.0000005615806031,10.005706270839688,-4.989900527966068,True,True,0,0.012618773427157663,0.045628617966908536,False,3,0.4713467000001401
sev4,105,gat,1.0000008998665373,10.109483416211102,-0.0535730409872439,True,True,0,0.009451659375361358,0.002155049013597213,False,3,0.4600771999994322
sev4,106,gat,1.0000007037862275,8.918827774570508,0.9082802390770536,True,True,0,0.0010088453939694306,0.07546450907957714,False,3,0.48904179999954067
sev4,107,gat,1.0000003339948036,9.209811207765522,-4.662299033581984,True,False,1,0.008901904489201726,0.2475310226685412,False,2,0.3461908000008407
sev4,108,gat,1.000000511804094,11.389349473196717,-0.1868826287012339,False,False,-1,0.035335345117911886,0.006542741202285429,False,3,0.5470898999992642
sev4,109,gat,1.0000005826475051,11.358860405794266,2.5837408959649864,True,False,1,0.004776760422435313,0.05587685096456596,False,2,0.33985369999936665
sev4,110,gat,1.0000001025926442,11.633647774244483,-2.8350778298162127,True,False,1,0.01193905079371417,0.05346599018210485,False,3,0.4736580999997386
sev4,111,gat,1.0000005774092156,10.524275592356302,-2.8319764691465066,False,False,-1,0.033987177146291264,0.11229544085265264,False,2,0.3367316000003484
sev4,112,gat,1.000000755814339,8.067635622557967,2.1918627325279854,True,True,0,0.003452793551641282,0.067250935029878,False,3,0.46961109999938344
sev4,113,gat,1.000000589796724,11.13702586972309,-4.575447524486536,True,True,0,0.014805560896807875,0.19348151323643048,False,3,0.4863882999998168
sev4,114,gat,1.0000001522631177,10.73219532939593,-3.458107469078602,True,False,1,0.015253422000808795,0.5138355590794426,False,3,0.4722058000006655
sev4,115,gat,1.000000706882552,8.256367058387594,-4.385112467952791,True,True,0,0.009751744371149167,0.23292152079710426,False,2,0.35777840000082506
sev4,116,gat,1.0000007423748236,8.196707054876583,-4.739910161006737,True,True,0,0.00990117001626321,0.05846371524210703,False,3,0.4942131000007066
sev4,117,gat,1.0000006728438735,10.26748471265589,-3.1552899138973545,False,False,-1,0.03451339465784259,1.9881056438948308,False,3,0.4625596999994741
sev4,118,gat,1.000000444915701,10.097338184523382,-0.6694356745634913,True,True,0,0.001035633842990565,0.01695983206496343,False,3,0.46575510000002396
sev4,119,gat,1.0000003098801105,11.3449305053414,3.6933738152161606,True,False,1,0.012051777027427156,0.10978168021489898,False,2,0.34527559999878576
